integrity,teamwork,innovation,respect,quality
ethical,collaboration,enable,employee,customer
responsibility,latent,end-to-end,talented,client
conflict,shut_down,innovative,obligation,offering
authority,fill_out,service_delivery,expertise,broker_channel
accountability,ancillary,efficient,intelligent,device
committee,energy_sector,support_customer,planner,relationship
expert,hydro,efficiency,interest_shareholder,patient
instruct,mortgage_volume,innovate,consultant,quality
risk_committee,aging,capability,motivate,service
constructive,snapper,automation,whose,broker
skin,consumer_side,in_order,prescribe,consumer
oversee,administrative,continuous,unable,offer
shareholder_interest,investment_slate,digitization,along_with,customer_base
responsible,policymaker,human,street,small_business
integrity,recoup,servicing,family,withstand
independently,de-leveraging,orient,skill,distribution
wrongly,customer_value_proposition,drive_out,reward,valuable
liquidator,indirect,prioritize,successfully,product
competency,funding_cost_side,customer_relationship,offer_reelection,connection
fully_support,park,distribution_channel,variable_remuneration,attract
board_member,enterprise,innovation,email,bundle
long-standing,ascertain,incentivize,constitution,competitive_position
agency,cost_basis,deposit_gathering,advisory,retention
business_strategy,capital_cost,front_end,adviser,migrate
diversity,limitation,effectiveness,manager,user
member,prepay,work_hard,colleague,platform
honor,litigation,investing,coal-fired,broadband
airline_partner,youth,technology,career,scale
trust,stationary,depth,notion,success
stakeholder,heck,enhance,loyalty,boq
remarkably,wind_asset,deepen_relationship,loyal,credit_card
independent,electricity_network,deepen,retire,source
deeply,disrupt,digital,key_management_personnel,quite_strongly
genuinely,may_disconnect,funder,transaction_banking_account,customer_experience
gateway,credit_union,focus_productivity,council,footprint
enabler,surprisingly,business_case,promote,foreign_exchange
rotation,sme_customer,lean,senior_executive,integrate
transparent,retool,simpler,cost-effective,route
engagement,western,resource,recruit,stimulate
executive_remuneration,customer-facing,facilitate,tradable,fleet
accountant,back_off,streamline,reputation,voice
executive_team,amazing,productive,permit,transaction_banking
compelling,disability,poorly,partner,trade_business
create_value,laminex,leaner,community,transaction_account
intermediary,go_off,newer,purpose,manufacture
privilege,rundown,ensure,white,staff
advice,broker_network,artificial,simplicity,cash_management
group_executive,new_zealanders,cross-sell,interaction,branch_network
leader,market_activity,importantly,store,franchise
defense,visitor,reliability,alignment,differentiate
public_sector,forest,product_service,gender,profitable
experienced,cost_focus,product_set,class_action,solution
self-assessment,business_portfolio,insource,governance,leverage
mechanism,look_at,invest_heavily,retirement,aircraft
carry_out,buy_side,create,together_with,carrier
act,margin_contraction,assist,architecture,customer_satisfaction
consult,integrated,customer_service,equipment,functionality
judge,product_development,marketing,mortgage_manager,network
lawyer,battery_technology,restore,located,turnaround_time
adhere,diligently,properly,full-time,appetite
dialogue,technology_area,digitize,asa,transactional
joint,trim,depths,retrain,leasing
re,nothing_material,fee_collection,coal_mining,customer_preference
comply,home_lend_market,rethink,fortunate,price_point
openly,connectivity,convenience,inside,diversification
ethic,destination,ferry,sign_up,turnover
license,east,creative,via,resilience
refreshment,got,renovate,virtual,structurally
fulfill,mortgage_process,low-cost,real-time,energy
accountable,construction_business,capital_market,frontline,affluent
consultation,bring_it_down,processing,compliant,emphasis
salaried,owner_manager_network,pivot,child,bring_in
bold,reinvigorate,set_ourselves_up,senior,provider
forefront,greatest,develop,business_model,market_position
role,sadly,streamlined,chief_executive,hospital
essential,search,minimize,bible,bank_relationship
learning,margin_lending_business,battery_solution,world-class,office
tension,legacy_meter,care,code,procurement
acutely,excitement,disruptive,power_station,boq_specialist
critically,urban,enormously,roading,extract
nonfinancial,sweep,automated,duplication,experience
employee_engagement,repositioning,add_value,bank_manager,rate_lending
publicly,payoff,margin_management,register,headline_rate
advisor,sme_space,front-line,power,risk_management
awareness,tenancy,training,voting_papers,financially
climate_risk,supplement,habit,distribution_network,regional
longevity,immune,one-way,demerge,car
transparency,acquisition_strategy,battery,and/or,mid-market
social,hurry,automate,exist_client,avenue
oblige,rectify,mobilize,campaign,acquisition_cost
counsel,court_case,demonstrate,train,enjoy
customer_need,weather_event,old-fashioned,professional,disadvantage
culture,inorganic,service_offering,agreement,hire
tool,bond_market,adapt,copper,smartphone
party,td_market,revenue_stream,non-executive_director,stickier
material_business_risk,style,service_experience,doctor,perform_well
younger,volume_margin_trade-off,tier_1,talent,business_market
examine,builder,seamless,research,fuel_price
externally,ante,focused,spare,concentrate
engage,trading_performance,willingness,select,funding_perspective
management_team,shed,pursue,service_proposition,day-to-day
audit,grow_up,transform,convenient,wider
public,seam,regulatory_requirement,customer_choose,owner_occupy
participant,price-sensitive,consistency,restricted_share_plan,design
complaint,gold,proposition,electric,shareholder_return
management,covered,business_process,proxy_holder,system_level
completely,revenue_perspective,responsive,obtain,household_deposit
credentials,research_division_george,spend_money,proper,operation
inform,vertical,excellence,desk,traction
prescriptive,technology_business,owner_manager,performance_hurdle,technology_investment
attempt,besides,unnecessary,inefficient,endure
buying,depreciate,continually,capital_reduction,infrastructure
acknowledgment,back-end,responsibly,homeowner,cushion
upstream,deposit_space,agile,corporation,utilization
establish,crop,customer_franchise,lender,frequency
investment_decision,credit_reporting,safety,product_offering,good_shape
privileged,ubank,superior,planet,utility
close_down,valuation_adjustment,take_cost_out,interface,compliance
law,eliminate,unlock,span,finance
role_play,take-up,muscle,insert,business_client
industry-leading,mix_effect,tremendous,fan,evidence
augment,witness,corporate_branch,satisfied,component_part
folk,substitution,put_together,computer,reposition
behalf,customer_volume,speed_up,outgoing,growth_profile
independence,loan_impairment_expense,new_technology,re-election,retail_banking
personally,landlord,deploy_capital,age,superannuation
undertaking,mix_change,pathway,competitively,arbitrage
frame,risk-based,free_up,rights,home_loan_portfolio
auditor,outbound,overcome,supplier,customer_acquisition
legacy_system,ramp-up,deliberately,map,tasman
generation_asset,origin,get_balance_right,datum_service,health
stringent,move_out,lid,core_franchise,customer_flow
construction_risk,research_division_congratulations,successful,secretary,distributor
regularly,fat,availability,transactional_banking,operational
reinforce,customer-driven,extremely_well,retailer,recipe
endeavor,semi-government,methodical,employer,throw_off
black,tax_benefit,cost_discipline,digitally,crime
interest_payment,mining_sector,value_proposition,dentist,home_sleep_testing
criticize,outsourcing,delivery,contractor,execution
chief_executive_officer,wind_turbine,build_out,ride,keep_up
active,academic,nonregulated,physically,cbd
deserve,payment_platform,revenue_opportunity,mandate,business_segment
risk_team,nonbank,tilt,machine,dedicate
traveler,carve,solely,thousand_of,
appointment,except_for,preference,owner-managers,
relevant,energy_market,invest_in,service_sector,
registration,reconstruction,subsidize,specialize,
planning,withdrawal,self,everyday,
breadth,lending_system,customer_selection,organize,
request,revenue_uplift,customer_proposition,wonderful,
serious,transition_phase,cash_management_business,power_plant,
sole,i.,competitive_advantage,monetary,
competent,borrowing_capacity,alliance,rich,
invent,pass-through,lower-cost,modern,
rightly,materiality,kit,gas_network,
anz,technology_change,constantly,authorize,
monitor,iplex,dimension,second-tier,
external,thank_participation,bunch,ink,
forum,digest,heavy_lifting,inability,
candidate,owe,balance_sheet_strength,principal,
whereby,mortgage_pricing,service_level,employee_share_plan,
study,portfolio_optimization,foundational,agent,
inappropriate,consumer_bank,set_it_up,core_infrastructure,
procedure,alert,multi-brand,scorecard,
embark,growth_area,balance_up,seek,
deliberation,turn_off,prevalent,civilization,
fellow,business_lending_side,customer_demand,province,
cultural,testing,coal_seam_gas,rail,
satisfaction,parking,back-office,debt_capital_market,
opinion,business_banking_side,nimble,advantage,
frustration,burden,aspire,head_office,
congratulate,lending_product,shareholder_value,worker,
union,home_loan_pricing,back_office,diagnosis,
incumbent,underestimate,managing,telco,
communication,redress,logistics,conversion,
communicate,gas_transportation,point-to-point,person,
overseas,trader,cost_advantage,method,
scrutineer,back_up,broader_economy,banker,
well-run,core_asset,opportunistic,multinational,
spend_a_lot_of_time,unknown_analyst_okay,explore,food,
accounting_treatment,reprice_up,rush,deposit_customer,
chair,mortgage_application,strategically,supportive,
dealer,intervention,lesson,suite,
intelligence,weighted_towards,credit_book,irrelevant,
suffice_say,cfo_yes,core_part,myairvo,
chairman,td_portfolio,roll_it_out,satisfy,
member_board,rarely,passion,output,
investigation,truck,conducive,customer_segment,
diverse,remedy,multibrand,owner-manager,
expense_management,everybody_else,ongoing_basis,integration,
body,periodically,credit_standard,obsess,
assistance,bank_customer,micro-generation,wealth_management_business,
ruthless,profession,smoothly,supply_chain,
father,re-rating,alternate,young,
involvement,subdivision,distinctive,take-or-pay,
board_level,customer_advocacy,spark,accommodation,
prudential,concentration_risk,passionate,attention,
staff_member,front-end,underinvest,medical,
credibility,growth_potential,cost_point,resident,
achievement,cement,fastest-growing,core_system,
quality_service,relativity,underemployment,postal,
seriously,cheaply,ration,consent,
accord,market_side,name_change,correlation,
call_center,business_and_private_bank,shy_away,secret,
appeal,rebrand,pride,exclusive,
ceo,aid,,terrific,
remuneration,operator_conclude_conference,,indigenous,
e-mail,good-quality,,capable,
faith,contact_center,,vendor,
mass,survive,,deposit_product,
friend,chain,,embrace,
quarry,unintended,,brand,
performance_condition,qualify,,large-scale,
balance_sheet_management,upswing,,owner,
privatize,take_that_out,,conform,
genuine,retention_rate,,technology_platform,
substance,financial_crisis,,materially_different,
department,initiate,,instead_of,
proud,standout,,reference_point,
task,uneven,,customer_benefit,
practical,blockchain,,technological,
interrelate,end_market,,transport,
agenda_item,unsatisfactory,,nuclear,
standpoint,finding,,customer_feedback,
uncontrollable,lighter,,resonate,
work_through,slice,,fall_over,
victim,constitute,,venture,
scalable,trading_revenue,,jobkeeper,
in_accordance_with,deal_flow,,manner,
incomplete,die,,high-value,
best_interest,horton_centre,,layer,
input,research_division_excellent,,demographic,
business_plan,wet,,virgin_money,
vision,non-executive_chairman,,storage,
donation,onboard,,label,
variety,threaten,,fabulous,
sps_ii,grid,,embed,
standing,target_payout_ratio,,seller,
appoint,gas_transmission_business,,stack_up,
discretion,shut,,restaurant,
conceptually,afr,,safely,
politically,stickiness,,resource_sector,
tag,operator_you_question,,deposit_portfolio,
reelection,transaction_banking_business,,suck,
merit,sme_segment,,vehicle,
accuracy,half-year,,subsequently,
totally,term_funding_facility,,fletcher_building,
balanced_scorecard,relocation,,raft,
society,population_growth,,wealth_product,
incentive_plan,owner-manager_network,,shopping_center,
lend_money,metering,,foundation,
reconsider,runway_extension,,avoid,
voting_instruction,unprecedented,,new_entrant,
politician,ensue,,intermediate,
politics,coated,,as_well_and,
oversight,term_deposit_market,,get_out,
distribution_business,sun,,await,
dream,business_deposit,,bt,
onerous,revenue_front,,perception,
sign_off,surgery,,regardless_of,
penalty,port,,term_debt,
arrange,sentence,,spin,
background,education,,niche,
legacy_issue,dictate,,million_of,
extensively,fashion,,complement,
insurance_company,dairy_price,,appliance,
mr._chairman,permanently,,turbine,
inaccurate,capital_investment,,roof,
apra_requirement,introducer_program,,relationship_manager,
host,crazy,,reception,
macroprudential,unrelated,,ring,
document,ideal,,functional,
survey,shore_up,,alive,
breach,funding_ratio,,encourage,
reassure,life_insurance,,remunerate,
workload,a.,,downsize,
capital_structure,subsidiary,,client_relationship,
board_meeting,inflate,,fax_machine,
pillar,asset_spread,,gosh,
representative,reconfigure,,a_bunch_of,
frustrate,growth_story,,proven,
nail,deregulation,,prime,
compliment,southern,,get_on,
so-called,md_&_executive_director_sure,,,
financial_system_inquiry,research_division_thanks,,,
defend,flesh,,,
devote,trustee,,,
chief,price_change,,,
carefusion,reclaim,,,
lady_gentleman,core_banking_system,,,
letter,growth_strategy,,,
listen,steel_business,,,
sponsorship,upskilling,,,
mandatory,shorter-term,,,
on_behalf_of,proactively,,,
business_risk,business_condition,,,
well-positioned,md_&_executive_director_no,,,
limb,sort_out,,,
dial_in,judgment_call,,,
4b,ownership_model,,,
title,pt,,,
voluntary,placemaker,,,
ant,aside_from,,,
frequently,anomaly,,,
early_sign,happily,,,
vector,secured,,,
former,feel_pretty_good,,,
re-elect,discussion_motion,,,
honestly,expense_side,,,
upset,lending_activity,,,
well-placed,smooth,,,
pragmatic,tanny_mangos_general_manager_corporate_affairs_investor_relations_okay,,,
thank_chairman,real_estate,,,
meantime,sudden,,,
listing,credit_card_portfolio,,,
good_morning,refocus,,,
delighted,refi,,,
confidently,anchor,,,
reelect_director,distract,,,
affordable,take_away,,,
reach_out,resilient,,,
sit_down,notably,,,
arrogant,happier,,,
shareholder_vote,offshoring,,,
welcome,succeed,,,
admit,homesafe_portfolio,,,
cost_structure,home_care,,,
unknown_attendee_chairman_would_like,gas_side,,,
pleasure,workforce,,,
countercyclical,margin_lending,,,
valuer,director_all_right,,,
good_afternoon,bond_issue,,,
backwards,manufacturer,,,
occupy,taxpayer,,,
incentive_scheme,next_phase,,,
ear,a_couple_of_question_please,,,
go_in,run_up,,,
seasoned,electricity_market,,,
resist,leak,,,
phone_call,operator_-lsb-_operator_instruction_-rsb-_you_next_question_come_line,,,
reinsurance,nii,,,
recommend,abnormal,,,
complain,content,,,
one-on-one,grandfather,,,
female,co-chair,,,
clever,appreciation,,,
scientific,regulated,,,
puzzle,wherever,,,
self-evident,tweak,,,
would_like_introduce,river,,,
bone,card_business,,,
risk_assessment,incredible,,,
shoot,billing,,,
patience,owner_occupier,,,
informative,ceo_&_director_sure,,,
underwriting,earnings_stream,,,
z_energy,quantitative,,,
lightly,operator_you_final_question,,,
complacent,radar,,,
coffee,bolster,,,
copy,friction,,,
unknown_shareholder_thank,likewise,,,
explanatory_statement,divest,,,
except,star,,,
overarching,product_line,,,
proxy_form,,,,
thanks_everyone,,,,
nobody,,,,
holder,,,,
investment_profile,,,,
general_manager,,,,
mislead,,,,
investor_relations_thank,,,,
deny,,,,
fairness,,,,
regain,,,,
honest,,,,
