integrity,teamwork,innovation,respect,quality
responsibility,collaboration,end-to-end,employee,customer
board_member,except_for,continuous,talented,client
expertise,limitation,enable,consultant,device
accountability,ascertain,automation,honor,service
accountable,customer_volume,productive,await,proposition
independently,slice,digitization,class_action,relationship
committee,bolster,support_customer,family,offering
airline_partner,surprisingly,fee_collection,full-time,customer_choose
agency,margin_contraction,capability,medical,quality
constructive,funding_cost_side,innovative,bank_manager,broker_channel
integrity,may_disconnect,frontline,child,patient
expert,bye,innovation,recruit,customer_base
openly,rectify,front_end,call_center,broker
obligation,property_side,efficiency,promote,offer
risk_committee,standpoint,effectiveness,ride,institution
augment,iplex,streamline,street,consumer
skill,latent,orient,indigenous,banker
instruct,disappointed,customer_relationship,satisfied,small_business
self-assessment,hedge_gain,mobilize,student,footprint
skin,chop,investing,equipment,valuable
loyalty,introducer_program,business_case,advisor,attract
create_value,business_lending_side,simplicity,service_delivery,product
buying,bubble,distribution_channel,snapper,behavior
liquidator,disrupt,business_model,thousand_of,migrate
interaction,immune,duplication,prepay,brand
privileged,technology_business,foundational,real-time,cross-sell
conflict,mix_change,serve_customer,chief,channel
gender,enunciate,efficient,organize,win
mechanism,seemingly,depth,convenient,owner-occupier
role_play,loan_impairment_expense,drive_out,adhere,retailer
genuinely,remedy,responsive,reference_point,owner
acutely,anomaly,marketing,digitally,distribution
seriously,mortgage_volume,work_hard,customer_service,bundle
compliant,chip,front-line,power_station,diverse
regularly,consumer_side,product_set,located,location
campaign,notably,lean,talent,lender
executive_team,hint,create,pivot,connection
rewarding,substitution,culture,notion,solution
group_executive,td_market,utility,capable,price_point
investment_decision,flesh,alongside,postal,datum
marketing_campaign,lull,digitize,farm,transaction_banking
unnecessary,i.,fulfillment_center,integration,route
climate_risk,housekeeping,delivery,get_on,professional
council,construction_business,successfully,homeowner,success
longevity,merge,creative,secret,value_proposition
competent,retention_rate,leaner,vehicle,medium
transparent,mortgage_pricing,reliability,pin,propensity
diversity,likewise,rethink,retirement,importantly
along_with,conclude_conference,business_strategy,obsess,retention
rail,back_off,renovate,correlation,fleet
authority,george_frazis_yes,properly,sign_up,energy
engagement,disruptive,insource,virtual,broadband
share_buyback,tristan_joll_okay,focus_productivity,obtain,user
a_variety_of,variation,optimal,computer,enhance
audit,couple_question,facilitate,distribution_network,source
nonfinancial,sme_segment,integrate,opening,increasingly
accountant,redevelopment,product_development,photo,tool
deeply,operator_ladies_gentleman_conclude_conference,revenue_stream,sale_process,super
unanimously,break_it_down,prioritize,electric,franchise
management_team,concentration_risk,large-scale,patience,voice
adviser,standout,embark,externally,scale
responsible,tighten_up,deposit_gathering,satisfaction,demonstrate
on_behalf_of,caf,willingness,food,quite_strongly
predecessor,car_parking,customer_selection,tangible,debt_capital_market
deepen,thank_participation,newer,multinational,turnover
compelling,indirect,battery_solution,manager,provider
complement,dictate,low-cost,register,in_order
long-standing,coincidence,invest_heavily,fulfill,customer_satisfaction
operating_model,as_for,streamlined,wealth_management_product,digital
care,materiality,deepen_relationship,scorecard,simpler
stakeholder,sweep,servicing,title,solar
license,legacy_gas,human,loyal,branch_network
community,macro_prudential,service_experience,young,speed
legacy_system,tip,transform,nail,buyer
sign_off,flow_gen,storage,wife,economics
forefront,rundown,add_value,politics,supply
examine,aging,excellence,lay,transactional
former,overweight,functionality,start_out,4g
subsidiary,agenda_item,task,train,proprietary_channel
personally,take_that_out,product_service,resident,mortgage_customer
proud,sadly,adapt,interface,battery
fraud,home_loan_pricing,longer_term,death,traditional
federal,finding,focused,apple,much_greater
crucial,unsatisfactory,cost_discipline,incentivize,arrangement
involvement,laugh,develop,copper,enjoy
spend_a_lot_of_time,cite,cash_management_business,complaint,profession
frequently,lending_activity,important_part,pleasure,respects
law,confused,cost_structure,privilege,emphasis
generator,tanny_mangos_okay,spend_money,park,one
customer_need,shore_up,automated,fabulous,customer_experience
dialogue,ship,platform,unable,network
expense_management,mess,service_offering,reprice_up,banking_system
scdo,technology_area,customer_advocacy,world-class,smartphone
frame,new_zealanders,agile,shut_down,advantage
critically,operator_conclude_conference,shareholder_value,depths,aircraft
deliberation,interestingly,lending_system,broker_network,pool
vote_favor,pessimistic,inevitable,proxy_form,airline
core_franchise,gas_side,renewable,transaction_banking_account,resource
consult,island,passion,fan,boq
awareness,owner_manager_network,preference,representative,cashback
career,opportunistic,competitive_advantage,label,broker_market
together_with,market_share_growth,take_cost_out,service_proposition,different_type
folk,downs,inherently,demerge,good_shape
participant,revenue_perspective,and/or,minority,differentiate
heart,home_lend_market,deploy_capital,method,negotiate
independent,ancillary,mortgage_process,consent,technology
incomplete,depress,innovate,diagnosis,dimension
re-elect,lumpiness,construct,attuned,margin_management
judge,succeed,muscle,alternatively,carrier
lawyer,risk-based,superior,sme_space,customer_preference
banking_sector,nothing_material,customer_franchise,grandchild,value_shareholder
foundation,mortgage_application,battery_storage,harm,shared
reputation,court_case,radical,mortgage_manager,farmer
whereby,acute,design,amazing,field
engage,unfair,liquidity_requirement,supplement,resilience
financially,thank_participate,cater,one-way,acquire
advisory,payoff,successful,physically,ground
chair,disability,seamless,unused,bring_in
deserve,government_support,point-to-point,relocate,et_cetera_et_cetera
permit,noticeable,supply_chain,extremely_well,hire
defense,flip_side,intermediate,joint,avenue
totally,nsfr,business_banker,origin,market_position
interest_payment,unrelated,capital_market,artificially,utilize
well-run,fall_over,growth_profile,destination,cash_management
work_through,sme_customer,unlimited,market_price,day-to-day
planner,property_development,profitable_growth,reception,entity
aggregator,reopen,owner_manager,cheaply,high-quality
sole,fashion,regulatory_requirement,wind_asset,affluent
e-mail,automate,learn,map,equally
methodical,sharper,balance_sheet_strength,voting_papers,ensure
member,look_at,fiber,trustee,exist
role,adopter,deliberately,university,funding_source
diligently,waterfall,revenue_opportunity,modern,business_market
financial_system_inquiry,credit_union,turn_off,merchant,staff
trust,ensue,reconfigure,experienced,airport
appoint,disguise,get_out,shoulder,continue_invest
constitution,confusion,system_level,relationship_manager,genuine
inconsistent,volume_margin_trade-off,customer_demand,rotation,infrastructure
well-placed,deal_flow,new_technology,younger,endure
communicate,clean_up,pathway,noncore,operation
breadth,roll_that_out,nonregulated,hole,alignment
join_board,re-price,alliance,fill_out,shareholder_return
legacy,burden,tilt,spark,regional
exist_client,run_out,spend_a_lot_of_money,privatization,geothermal
competitively,air,prevalent,section,diversification
exercise,a_couple_of_question_please,self,gateway,deep
capital_structure,balance_sheet_optimization,customer_segment,contractor,organization
demographic,output,cost_basis,desk,car
vision,sort_out,back_office,traveler,stickier
leader,roll-off,back-office,suite,leverage
scalable,coal_price,logistics,select,ubank
advocate,semi-government,lower-cost,afterpay,corporate_branch
component_part,transpire,bau,fax_machine,price_competition
meantime,owner_occupier,manufacture,layer,owner_occupy
partner,operator_t.s._lim,service_level,placemaker,banking
systematically,fuel_cost,margin_improvement,wonderful,headline_rate
chairman,bang,relationship_model,everyday,game
core_banking_business,put_down,because_if,distribute,embed
mindful,investment_slate,attraction,redeem,social
accurately,tweak,passionate,volume-related,extract
supportive,book_pricing,replacement,year-after-year,deposit_portfolio
shareholding,hedge_position,inherent,distract,turnaround_time
freedom,insurance_side,bunch,lately,concentrate
minimize,ante,heavy_lifting,age,mode
nomination,laminex,invest_in,deposit_customer,fuel_price
independence,calm,ideally,excitement,growth_opportunity
incentive_plan,keep_on,visibility,father,city
act,policy_change,nimble,pause,distributor
scrutineer,shorter-term,customer_proposition,digest,team
refreshment,hurry,fortunately,one-on-one,superannuation
variety,move_out,ready,virgin_money,complexity
locally,consumer_bank,cost_program,core_banking_platform,inside
body,reinvigorate,product_offering,contact_center,nonbank
active,carve,sale_force,proper,buy_side
multibrand,vulnerable,fastest-growing,transactional_banking,planning
host,loan_impairment,anniversary,myairvo,overseas
dealer,cost_initiative,builder,assist,operational
remarkably,tractor_rate,pleasingly,photograph,commission_structure
finely,taper_off,pride,owner-manager,keep_up
inappropriate,period-on-period,,resonate,economically
many_people,mortgage_arrears,,machine,dedicate
mine,afr,,proactively,
frustrate,maintenance_cost,,toll,
communication,bump,,king,
appeal,shrinkage,,transact,
onerous,great_southern,,roll_over,
management_target,drill_down,,old-fashioned,
discover,wage_inflation,,revenue_uplift,
countercyclical,run_up,,redevelop,
strategically,covered,,trip,
uncontrollable,leaseback,,hospital,
discretion,happily,,shed,
balanced_scorecard,balance_sheet_capacity,,training,
panel,misleading,,technological,
cro,inclined,,head_office,
incumbent,ownership_model,,resume,
cultural,tale,,core_system,
re-election,credit_reporting,,wire,
tremendous,gas_transportation,,go_in,
climate_change,accreditation_process,,service_business,
case-by-case,coated,,go_off,
balance_sheet_management,re-rating,,telco,
essential,appendix,,end_state,
research,harsh,,venture,
orderly,system_perspective,,jobkeeper_payment,
accounting_treatment,front-end,,high-value,
responsibly,market_side,,crazy,
undergo,trim,,come_along,
pop,confidence_issue,,hardly,
union,hell,,stack_up,
whatsoever,resign,,configure,
niche,dismissive,,customer_feedback,
lesson,friction,,departure,
supplier,occasionally,,colleague,
time_ago,take_away,,integrated,
conceptually,pilot,,distance,
wealth_product,steel_business,,comprehensive,
penalty,thanks_join,,west,
managing,hypothetical,,core_banking_system,
unlock,whats,,electricity_network,
confront,podium,,wealth_management_business,
survey,legacy_meter,,prime_minister,
lightly,price_war,,southern,
form_view,operator_analyst,,landlord,
safely,relief,,assistance,
extraordinary,rarely,,eliminate,
smoothly,reinsurance,,home,
document,relativity,,free_up,
vector,nuanced,,commbank,
rights,nervous,,lending_product,
profitably,badly,,million_of,
safety,deposit_space,,parking,
capital_issue,ridiculous,,discounted,
valuer,unlike,,consultation_period,
reinforce,turbine,,raft,
extensively,strange,,undertaking,
benchmarking,break_up,,roading,
incredible,drive_down,,growth_area,
consultation_process,everybody_else,,sleep,
commercially,kid,,gas_network,
analyze,radar,,distinction,
withdraw,fruit,,investigation,
accuracy,it_system,,instigate,
reconsider,lock_down,,aspire,
reminder,climb,,testing,
politician,credit_market,,occupy,
terrible,alright,,restaurant,
honestly,nim_outlook,,riskier,
transport,periodically,,connectivity,
multi-brand,gen-i,,qualify,
cost_focus,wear,,term_debt,
business_plan,loss_experience,,anz,
mass,back-end,,materially_different,
endeavor,penetrate,,plenty,
black,top-down,,treasury_team,
tax_office,closing_remark,,regardless_of,
master_plan,mechanical,,pwc,
name_change,phone_line,,plane,
familiar,growth_number,,credibility,
p50,inherit,,reside,
client_relationship,de-leveraging,,dentist,
board_level,inclusive,,ring,
reassure,differ,,goods,
lengthy,overtime,,roof,
scheme_booklet,metering_business,,opt,
skill_set,risk_asset,,remediate,
inform,lessen,,fletcher_building,
informative,homesafe_portfolio,,continual,
early_sign,complacent,,urgent,
insurance_company,escalate,,information_disclosure,
frustrating,sheet,,reconstruction,
complicated,arrest,,functional,
bold,enormously,,expense_side,
transparency,capital_release,,well-positioned,
invent,makeup,,credit_metric,
visible,backward,,perception,
span,entry,,bank_branch,
retrospective,mix_effect,,mandate,
leadership_team,fx_impact,,stand-alone,
technology_platform,azib_khan_a_couple,,availability,
carefusion,odds,,classic,
weaken,motivation,,cbd,
vaccine,housing_loan_growth,,bank_relationship,
fortunate,celebrate,,property_business,
taxi_company,withdrawal,,downsize,
newspaper,upskilling,,dad,
stupid,board_thanks,,shopping_center,
capital_plan,arrogant,,gosh,
sight,home_loan_arrears,,upset,
powerful,build_out,,holiday,
engineer,surround,,shop,
accretive,paperwork,,interact,
vigilant,spread_out,,,
substance,mining-related,,,
jpmorgan,underestimate,,,
actuarial,phasing,,,
customer_choice,income_side,,,
overarching,td_book,,,
bolt-on,pay_off,,,
hardest,strengthening,,,
oversight,software_write-off,,,
smooth,price-sensitive,,,
employee_engagement,market_environment,,,
alert,evolution,,,
tlac,walk_away,,,
branding,shake,,,
customer-driven,move_down,,,
legitimate,drop_out,,,
industry_issue,investment_profile,,,
strict,ought,,,
suitable,azib,,,
cost_point,work_it_out,,,
core_part,stickiness,,,
mindset,subtle,,,
credit_standard,peg,,,
industry-wide,distressed,,,
get_balance_right,banking_industry,,,
endorse,ex_market,,,
multi-year,business_and_private_bank,,,
isnt,watch_loan,,,
growth_story,faith,,,
outset,trend_down,,,
clever,doesnt,,,
unemployment_number,application_volume,,,
unfortunate,unprecedented,,,
capital_point,lighter,,,
funding_perspective,separate_out,,,
sales,bode,,,
deposit_product,ambank,,,
business_portfolio,irrbb,,,
honest,fear,,,
fairness,tightening,,,
,life_insurance,,,
,media_conference,,,
,liquidity_portfolio,,,
,funding_pressure,,,
,queue,,,
,card_business,,,
,style,,,
,lump,,,
,wrap_up,,,
,collapse,,,
,margin_question,,,
,burn,,,
,flatten,,,
,clydesdale,,,
,perceive,,,
,subdivision,,,
,percentage_term,,,
,static,,,
,branch_closure,,,
,mortgage_lending,,,
,rebrand,,,
,pre-gfc,,,
,keystart,,,
,shoot,,,
,massively,,,
,shy_away,,,
,appropriateness,,,
,attitude,,,
,western,,,
,inferior,,,
,deleveraging,,,
,override,,,
,loom,,,
,book/back_book,,,
,a_couple_of_quick_question,,,
,capital_initiative,,,
,margin_lending_business,,,
,secured,,,
,help_out,,,
,kick_in,,,
,roll_it_out,,,
,repositioning,,,
,term_deposit_market,,,
,watch_list,,,
,payable,,,
,taper,,,
,row,,,
,underperform,,,
,uncomfortable,,,
,revera,,,
,book_discounting,,,
,cost_out,,,
,mix_issue,,,
,trade_portfolio,,,
,rate_impact,,,
,trading_performance,,,
,growth_potential,,,
,credentials,,,
,youth,,,
,headcount_number,,,
,funny,,,
,barrel,,,
,relaxation,,,
,exit_run_rate,,,
,conference_call,,,
,single-family,,,
,able_give_idea,,,
,ts,,,
,cool,,,
,hearten,,,
,underinvest,,,
,manual,,,
,reckon,,,
,deleverage,,,
,owe,,,
,business_banking_side,,,
,resilient,,,
,driver_behind,,,
,speed_up,,,
,lag_effect,,,
,lucky,,,
,p&l_impact,,,
,deposit_performance,,,
,mid-market,,,
,air_service,,,
,market_activity,,,
