,document_id,filename,firm_id
0,1.F,Air New Zealand Limited - ShareholderAnalyst Call.pdf,Air New Zealand Limited
1,2.F,"Air New Zealand Limited, 2011 Earnings Call, Aug 25, 2011.pdf",Air New Zealand Limited
2,3.F,"Air New Zealand Limited, 2012 Earnings Call, Aug 30, 2012.pdf",Air New Zealand Limited
3,4.F,"Air New Zealand Limited, 2013 Earnings Call, Aug 29, 2013.pdf",Air New Zealand Limited
4,5.F,"Air New Zealand Limited, 2014 Earnings Call, Aug 27, 2014.pdf",Air New Zealand Limited
5,6.F,"Air New Zealand Limited, 2015 Earnings Call, Aug 26, 2015.pdf",Air New Zealand Limited
6,7.F,"Air New Zealand Limited, H1 2011 Earnings Call, Feb 24, 2011.pdf",Air New Zealand Limited
7,8.F,"Air New Zealand Limited, H1 2012 Earnings Call, Feb 24, 2012.pdf",Air New Zealand Limited
8,9.F,"Air New Zealand Limited, H1 2013 Earnings Call, Feb 28, 2013.pdf",Air New Zealand Limited
9,10.F,"Air New Zealand Limited, H1 2014 Earnings Call, Feb 27, 2014.pdf",Air New Zealand Limited
10,11.F,"Air New Zealand Limited, H1 2015 Earnings Call, Feb 25, 2015.pdf",Air New Zealand Limited
11,14.F,"Auckland International Airport Limited, 2013 Earnings Call, Aug 21, 2013.pdf",Auckland International Airport Limited
12,15.F,"Auckland International Airport Limited, 2014 Earnings Call, Aug 26, 2014.pdf",Auckland International Airport Limited
13,16.F,"Auckland International Airport Limited, 2015 Earnings Call, Aug 24, 2015.pdf",Auckland International Airport Limited
14,17.F,"Auckland International Airport Limited, H1 2014 Earnings Call, Feb 20, 2014.pdf",Auckland International Airport Limited
15,18.F,"Auckland International Airport Limited, H1 2015 Earnings Call, Feb 20, 2015.pdf",Auckland International Airport Limited
16,19.F,Auckland International Airport Ltd. - ShareholderAnalyst Call.pdf,Auckland International Airport Limited
17,20.F,"Auckland International Airport Ltd., 2011 Earnings Call, Aug 23, 2011.pdf",Auckland International Airport Limited
18,21.F,"Auckland International Airport Ltd., 2012 Earnings Call, Aug 30, 2012.pdf",Auckland International Airport Limited
19,22.F,"Auckland International Airport Ltd., H1 2011 Earnings Call, Feb 24, 2011.pdf",Auckland International Airport Limited
20,23.F,"Auckland International Airport Ltd., H1 2012 Earnings Call, Feb 29, 2012.pdf",Auckland International Airport Limited
21,24.F,"Auckland International Airport Ltd., H1 2013 Earnings Call, Feb 21, 2013.pdf",Auckland International Airport Limited
22,25.F,Australia  New Zealand Banking Group Limited - ShareholderAnalyst Call.pdf,Australia New Zealand Banking Group Limited
23,26.F,Australia  New Zealand Banking Group Limited - Special Call.pdf,Australia New Zealand Banking Group Limited
24,27.F,"Australia  New Zealand Banking Group Limited, 2011 Earnings Call, Nov 03, 2011.pdf",Australia New Zealand Banking Group Limited
25,28.F,"Australia  New Zealand Banking Group Limited, 2012 Earnings Call, Oct 25, 2012.pdf",Australia New Zealand Banking Group Limited
26,29.F,"Australia  New Zealand Banking Group Limited, 2013 Earnings Call, Oct 29, 2013.pdf",Australia New Zealand Banking Group Limited
27,30.F,"Australia  New Zealand Banking Group Limited, 2014 Earnings Call, Oct 31, 2014.pdf",Australia New Zealand Banking Group Limited
28,31.F,"Australia  New Zealand Banking Group Limited, 2015 Earnings Call, Oct 29, 2015.pdf",Australia New Zealand Banking Group Limited
29,32.F,"Australia  New Zealand Banking Group Limited, 2016 Earnings Call, Nov 03, 2016.pdf",Australia New Zealand Banking Group Limited
30,33.F,"Australia  New Zealand Banking Group Limited, H1 2012 Earnings Call, May 02, 2012.pdf",Australia New Zealand Banking Group Limited
31,34.F,"Australia  New Zealand Banking Group Limited, H1 2013 Earnings Call, Apr 30, 2013.pdf",Australia New Zealand Banking Group Limited
32,35.F,"Australia  New Zealand Banking Group Limited, H1 2014 Earnings Call, May 01, 2014.pdf",Australia New Zealand Banking Group Limited
33,36.F,"Australia  New Zealand Banking Group Limited, H1 2015 Earnings Call, May 05, 2015.pdf",Australia New Zealand Banking Group Limited
34,37.F,"Australia  New Zealand Banking Group Limited, H1 2016 Earnings Call, May 03, 2016.pdf",Australia New Zealand Banking Group Limited
35,38.F,"Australia  New Zealand Banking Group Limited, Nine Months 2013 Sales Trading Statement Call, Aug 16, 2013.pdf",Australia New Zealand Banking Group Limited
36,39.F,"Australia  New Zealand Banking Group Limited, Nine Months 2015 Sales Trading Statement Call, Aug 18, 2015.pdf",Australia New Zealand Banking Group Limited
37,40.F,"Australia  New Zealand Banking Group Limited, Q1 2013 Sales Trading Statement Call, Feb 15, 2013.pdf",Australia New Zealand Banking Group Limited
38,41.F,Australia  New Zealand Banking Group Ltd. - Special Call.pdf,Australia New Zealand Banking Group Limited
39,42.F,"Australia  New Zealand Banking Group Ltd., 2010 Earnings Call, Oct 28, 2010.pdf",Australia New Zealand Banking Group Limited
40,43.F,"Australia  New Zealand Banking Group Ltd., H1 2011 Earnings Call, May 03, 2011.pdf",Australia New Zealand Banking Group Limited
41,44.F,"Australia  New Zealand Banking Group Ltd., Q2 2010 Earnings Call, Apr-29-2010.pdf",Australia New Zealand Banking Group Limited
42,45.F,Australia and New Zealand Banking Group Limited - ShareholderAnalyst Call.pdf,Australia New Zealand Banking Group Limited
43,46.F,"Australia and New Zealand Banking Group Limited, 2017 Earnings Call, Oct 26, 2017.pdf",Australia New Zealand Banking Group Limited
44,47.F,"Australia and New Zealand Banking Group Limited, 2018 Earnings Call, Oct 31, 2018.pdf",Australia New Zealand Banking Group Limited
45,48.F,"Australia and New Zealand Banking Group Limited, 2019 Earnings Call, Oct 31, 2019.pdf",Australia New Zealand Banking Group Limited
46,49.F,"Australia and New Zealand Banking Group Limited, 2020 Earnings Call, Oct 29, 2020.pdf",Australia New Zealand Banking Group Limited
47,50.F,"Australia and New Zealand Banking Group Limited, H1 2017 Earnings Call, May 02, 2017.pdf",Australia New Zealand Banking Group Limited
48,51.F,"Australia and New Zealand Banking Group Limited, H1 2018 Earnings Call, May 01, 2018.pdf",Australia New Zealand Banking Group Limited
49,52.F,"Australia and New Zealand Banking Group Limited, H1 2019 Earnings Call, May 01, 2019.pdf",Australia New Zealand Banking Group Limited
50,53.F,"Australia and New Zealand Banking Group Limited, H1 2020 Earnings Call, Apr 30, 2020.pdf",Australia New Zealand Banking Group Limited
51,54.F,"Australia and New Zealand Banking Group Limited, H1 2021 Earnings Call, May 05, 2021.pdf",Australia New Zealand Banking Group Limited
52,55.F,"Australia and New Zealand Banking Group Limited, Q3 2020 Sales Trading Statement Call, Aug 19, 2020.pdf",Australia New Zealand Banking Group Limited
53,56.F,Bank of Queensland Limited - ShareholderAnalyst Call.pdf,Bank of Queensland Limited
54,57.F,"Bank of Queensland Limited, 2017 Earnings Call, Oct 12, 2017.pdf",Bank of Queensland Limited
55,58.F,"Bank of Queensland Limited, 2018 Earnings Call, Oct 04, 2018.pdf",Bank of Queensland Limited
56,59.F,"Bank of Queensland Limited, 2019 Earnings Call, Oct 17, 2019.pdf",Bank of Queensland Limited
57,60.F,"Bank of Queensland Limited, 2020 Earnings Call, Oct 14, 2020.pdf",Bank of Queensland Limited
58,61.F,"Bank of Queensland Limited, H1 2017 Earnings Call, Mar 30, 2017.pdf",Bank of Queensland Limited
59,62.F,"Bank of Queensland Limited, H1 2018 Earnings Call, Apr 17, 2018.pdf",Bank of Queensland Limited
60,63.F,"Bank of Queensland Limited, H1 2019 Earnings Call, Apr 11, 2019.pdf",Bank of Queensland Limited
61,64.F,"Bank of Queensland Limited, H1 2020 Earnings Call, Apr 08, 2020.pdf",Bank of Queensland Limited
62,65.F,"Bank of Queensland Limited, H1 2021 Earnings Call, Apr 15, 2021.pdf",Bank of Queensland Limited
63,66.F,"Bank of Queensland Limited, Members Equity Bank Limited - MA Call.pdf",Bank of Queensland Limited
64,67.F,Bank of Queensland Ltd. - ShareholderAnalyst Call.pdf,Bank of Queensland Limited
65,68.F,"Bank of Queensland Ltd., 2010 Earnings Call, Oct 14, 2010.pdf",Bank of Queensland Limited
66,69.F,"Bank of Queensland Ltd., 2011 Earnings Call, Oct 13, 2011.pdf",Bank of Queensland Limited
67,70.F,"Bank of Queensland Ltd., 2012 Earnings Call, Oct 18, 2012.pdf",Bank of Queensland Limited
68,71.F,"Bank of Queensland Ltd., 2013 Earnings Call, Oct 10, 2013.pdf",Bank of Queensland Limited
69,72.F,"Bank of Queensland Ltd., 2014 Earnings Call, Oct 09, 2014.pdf",Bank of Queensland Limited
70,73.F,"Bank of Queensland Ltd., 2015 Earnings Call, Oct 08, 2015.pdf",Bank of Queensland Limited
71,74.F,"Bank of Queensland Ltd., 2016 Earnings Call, Oct 06, 2016.pdf",Bank of Queensland Limited
72,75.F,"Bank of Queensland Ltd., H1 2011 Earnings Call, Apr 14, 2011.pdf",Bank of Queensland Limited
73,76.F,"Bank of Queensland Ltd., H1 2012 Earnings Call, Apr 18, 2012.pdf",Bank of Queensland Limited
74,77.F,"Bank of Queensland Ltd., H1 2013 Earnings Call, Apr 18, 2013.pdf",Bank of Queensland Limited
75,78.F,"Bank of Queensland Ltd., H1 2014 Earnings Call, Apr 11, 2014.pdf",Bank of Queensland Limited
76,79.F,"Bank of Queensland Ltd., H1 2015 Earnings Call, Mar 26, 2015.pdf",Bank of Queensland Limited
77,80.F,"Bank of Queensland Ltd., H1 2016 Earnings Call, Apr 07, 2016.pdf",Bank of Queensland Limited
78,81.F,"Bank of Queensland Ltd., Q2 2010 Earnings Call, Apr 15, 2010.pdf",Bank of Queensland Limited
79,82.F,"Bank of Queensland Ltd., Virgin Money (Australia) Pty Limited - MA Call.pdf",Bank of Queensland Limited
80,84.F,"Bendigo and Adelaide Bank Limited, 2012 Earnings Call, Aug 20, 2012.pdf",Bendigo and Adelaide Bank Limited
81,85.F,"Bendigo and Adelaide Bank Limited, 2013 Earnings Call, Aug 19, 2013.pdf",Bendigo and Adelaide Bank Limited
82,86.F,"Bendigo and Adelaide Bank Limited, 2014 Earnings Call, Aug 11, 2014.pdf",Bendigo and Adelaide Bank Limited
83,87.F,"Bendigo and Adelaide Bank Limited, 2015 Earnings Call, Aug 10, 2015.pdf",Bendigo and Adelaide Bank Limited
84,88.F,"Bendigo and Adelaide Bank Limited, 2016 Earnings Call, Aug 08, 2016.pdf",Bendigo and Adelaide Bank Limited
85,89.F,"Bendigo and Adelaide Bank Limited, 2017 Earnings Call, Aug 14, 2017.pdf",Bendigo and Adelaide Bank Limited
86,90.F,"Bendigo and Adelaide Bank Limited, 2018 Earnings Call, Aug 13, 2018.pdf",Bendigo and Adelaide Bank Limited
87,91.F,"Bendigo and Adelaide Bank Limited, 2019 Earnings Call, Aug 12, 2019.pdf",Bendigo and Adelaide Bank Limited
88,92.F,"Bendigo and Adelaide Bank Limited, 2020 Earnings Call, Aug 17, 2020.pdf",Bendigo and Adelaide Bank Limited
89,93.F,"Bendigo and Adelaide Bank Limited, H1 2012 Earnings Call, Feb 20, 2012.pdf",Bendigo and Adelaide Bank Limited
90,94.F,"Bendigo and Adelaide Bank Limited, H1 2013 Earnings Call, Feb 18, 2013.pdf",Bendigo and Adelaide Bank Limited
91,95.F,"Bendigo and Adelaide Bank Limited, H1 2014 Earnings Call, Feb 17, 2014.pdf",Bendigo and Adelaide Bank Limited
92,96.F,"Bendigo and Adelaide Bank Limited, H1 2015 Earnings Call, Feb 16, 2015.pdf",Bendigo and Adelaide Bank Limited
93,97.F,"Bendigo and Adelaide Bank Limited, H1 2016 Earnings Call, Feb 15, 2016.pdf",Bendigo and Adelaide Bank Limited
94,98.F,"Bendigo and Adelaide Bank Limited, H1 2017 Earnings Call, Feb 13, 2017.pdf",Bendigo and Adelaide Bank Limited
95,99.F,"Bendigo and Adelaide Bank Limited, H1 2018 Earnings Call, Feb 12, 2018.pdf",Bendigo and Adelaide Bank Limited
96,100.F,"Bendigo and Adelaide Bank Limited, H1 2019 Earnings Call, Feb 11, 2019.pdf",Bendigo and Adelaide Bank Limited
97,101.F,"Bendigo and Adelaide Bank Limited, H1 2020 Earnings Call, Feb 17, 2020.pdf",Bendigo and Adelaide Bank Limited
98,102.F,"Bendigo and Adelaide Bank Limited, H1 2021 Earnings Call, Feb 15, 2021.pdf",Bendigo and Adelaide Bank Limited
99,103.F,"Bendigo and Adelaide Bank Limited., 2011 Earnings Call, Aug 08, 2011.pdf",Bendigo and Adelaide Bank Limited
100,104.F,"Bendigo and Adelaide Bank Limited., H1 2011 Earnings Call, Feb 14, 2011.pdf",Bendigo and Adelaide Bank Limited
101,105.F,Commonwealth Bank of Australia - Pre Recorded MA Call.pdf,Commonwealth Bank of Australia
102,106.F,Commonwealth Bank of Australia - ShareholderAnalyst Call.pdf,Commonwealth Bank of Australia
103,107.F,"Commonwealth Bank of Australia, 2011 Earnings Call, Aug 10, 2011.pdf",Commonwealth Bank of Australia
104,108.F,"Commonwealth Bank of Australia, 2012 Earnings Call, Aug 15, 2012.pdf",Commonwealth Bank of Australia
105,109.F,"Commonwealth Bank of Australia, 2013 Earnings Call, Aug 14, 2013.pdf",Commonwealth Bank of Australia
106,110.F,"Commonwealth Bank of Australia, 2014 Earnings Call, Aug 13, 2014.pdf",Commonwealth Bank of Australia
107,111.F,"Commonwealth Bank of Australia, 2015 Earnings Call, Aug 12, 2015.pdf",Commonwealth Bank of Australia
108,112.F,"Commonwealth Bank of Australia, 2016 Earnings Call, Aug 10, 2016.pdf",Commonwealth Bank of Australia
109,113.F,"Commonwealth Bank of Australia, 2017 Earnings Call, Aug 09, 2017.pdf",Commonwealth Bank of Australia
110,114.F,"Commonwealth Bank of Australia, 2018 Earnings Call, Aug 08, 2018.pdf",Commonwealth Bank of Australia
111,116.F,"Commonwealth Bank of Australia, 2019 Earnings Call, Aug 07, 2019.pdf",Commonwealth Bank of Australia
112,117.F,"Commonwealth Bank of Australia, 2020 Earnings Call, Aug 12, 2020.pdf",Commonwealth Bank of Australia
113,118.F,"Commonwealth Bank of Australia, H1 2011 Earnings Call, Feb 09, 2011.pdf",Commonwealth Bank of Australia
114,119.F,"Commonwealth Bank of Australia, H1 2012 Earnings Call, Feb 15, 2012.pdf",Commonwealth Bank of Australia
115,120.F,"Commonwealth Bank of Australia, H1 2013 Earnings Call, Feb 13, 2013.pdf",Commonwealth Bank of Australia
116,121.F,"Commonwealth Bank of Australia, H1 2014 Earnings Call, Feb 12, 2014.pdf",Commonwealth Bank of Australia
117,122.F,"Commonwealth Bank of Australia, H1 2015 Earnings Call, Feb 11, 2015.pdf",Commonwealth Bank of Australia
118,123.F,"Commonwealth Bank of Australia, H1 2016 Earnings Call, Feb 10, 2016.pdf",Commonwealth Bank of Australia
119,124.F,"Commonwealth Bank of Australia, H1 2017 Earnings Call, Feb 15, 2017.pdf",Commonwealth Bank of Australia
120,125.F,"Commonwealth Bank of Australia, H1 2018 Earnings Call, Feb 07, 2018.pdf",Commonwealth Bank of Australia
121,126.F,"Commonwealth Bank of Australia, H1 2019 Earnings Call, Feb 06, 2019.pdf",Commonwealth Bank of Australia
122,127.F,"Commonwealth Bank of Australia, H1 2020 Earnings Call, Feb 12, 2020.pdf",Commonwealth Bank of Australia
123,128.F,"Commonwealth Bank of Australia, H1 2021 Earnings Call, Feb 10, 2021.pdf",Commonwealth Bank of Australia
124,129.F,"Commonwealth Bank of Australia, Q1 2012 Sales Trading Statement Call, Nov 15, 2011.pdf",Commonwealth Bank of Australia
125,130.F,"Commonwealth Bank of Australia, Q3 2011 Sales Trading Statement Call, May 11, 2011.pdf",Commonwealth Bank of Australia
126,131.F,"Commonwealth Bank of Australia, Q3 2012 Sales Trading Statement Call, May 17, 2012.pdf",Commonwealth Bank of Australia
127,132.F,"Commonwealth Bank of Australia, Q3 2019 Sales Trading Statement Call, May 13, 2019.pdf",Commonwealth Bank of Australia
128,133.F,"Commonwealth Bank of Australia, Q3 2020 Sales Trading Statement Call, May 13, 2020.pdf",Commonwealth Bank of Australia
129,134.F,"Contact Energy Ltd., H1 2011 Earnings Call, Feb 22, 2011.pdf",Contact Energy Ltd
130,136.F,"Fisher  Paykel Healthcare Corporation Limited, 2011 Earnings Call, May 25, 2011.pdf",Fisher Paykel Healthcare Corporation Limited
131,137.F,"Fisher  Paykel Healthcare Corporation Limited, 2012 Earnings Call, May 25, 2012.pdf",Fisher Paykel Healthcare Corporation Limited
132,138.F,"Fisher  Paykel Healthcare Corporation Limited, 2013 Earnings Call, May 23, 2013.pdf",Fisher Paykel Healthcare Corporation Limited
133,139.F,"Fisher  Paykel Healthcare Corporation Limited, 2014 Earnings Call, May 22, 2014.pdf",Fisher Paykel Healthcare Corporation Limited
134,140.F,"Fisher  Paykel Healthcare Corporation Limited, 2015 Earnings Call, May 29, 2015.pdf",Fisher Paykel Healthcare Corporation Limited
135,141.F,"Fisher  Paykel Healthcare Corporation Limited, H1 2012 Earnings Call, Nov 23, 2011.pdf",Fisher Paykel Healthcare Corporation Limited
136,142.F,"Fisher  Paykel Healthcare Corporation Limited, H1 2013 Earnings Call, Nov 22, 2012.pdf",Fisher Paykel Healthcare Corporation Limited
137,143.F,"Fisher  Paykel Healthcare Corporation Limited, H1 2014 Earnings Call, Nov 22, 2013.pdf",Fisher Paykel Healthcare Corporation Limited
138,144.F,"Fisher  Paykel Healthcare Corporation Limited, H1 2015 Earnings Call, Nov 19, 2014.pdf",Fisher Paykel Healthcare Corporation Limited
139,145.F,"Fisher  Paykel Healthcare Corporation Limited, H1 2016 Earnings Call, Nov 27, 2015.pdf",Fisher Paykel Healthcare Corporation Limited
140,146.F,"Fisher  Paykel Healthcare Corporation Limited, Q2 2011 Earnings Call, Nov 24, 2010.pdf",Fisher Paykel Healthcare Corporation Limited
141,147.F,Fletcher Building Ltd. - ShareholderAnalyst Call.pdf,Fletcher Building Ltd
142,148.F,"Fletcher Building Ltd., 2011 Earnings Call, Aug 17, 2011.pdf",Fletcher Building Ltd
143,149.F,"Fletcher Building Ltd., 2012 Earnings Call, Aug 22, 2012.pdf",Fletcher Building Ltd
144,150.F,"Fletcher Building Ltd., 2013 Earnings Call, Aug 21, 2013.pdf",Fletcher Building Ltd
145,151.F,"Fletcher Building Ltd., 2014 Earnings Call, Aug 20, 2014.pdf",Fletcher Building Ltd
146,152.F,"Fletcher Building Ltd., 2015 Earnings Call, Aug 19, 2015.pdf",Fletcher Building Ltd
147,153.F,"Fletcher Building Ltd., H1 2011 Earnings Call, Feb 16, 2011.pdf",Fletcher Building Ltd
148,154.F,"Fletcher Building Ltd., H1 2012 Earnings Call, Feb 22, 2012.pdf",Fletcher Building Ltd
149,155.F,"Fletcher Building Ltd., H1 2013 Earnings Call, Feb 20, 2013.pdf",Fletcher Building Ltd
150,156.F,"Fletcher Building Ltd., H1 2014 Earnings Call, Feb 20, 2014.pdf",Fletcher Building Ltd
151,157.F,"Fletcher Building Ltd., H1 2015 Earnings Call, Feb 18, 2015.pdf",Fletcher Building Ltd
152,158.F,"Goodman Property Trust, 2011 Earnings Call, May 18, 2011.pdf",Goodman Property Trust
153,159.F,"Goodman Property Trust, Q2 2012 Earnings Call, Nov 09, 2011.pdf",Goodman Property Trust
154,160.F,Infratil Limited - AnalystInvestor Day.pdf,Infratil Limited
155,161.F,"Infratil Limited, 2013 Earnings Call, May 14, 2013.pdf",Infratil Limited
156,162.F,"Infratil Limited, 2014 Earnings Call, May 13, 2014.pdf",Infratil Limited
157,163.F,"Infratil Limited, 2015 Earnings Call, May 19, 2015.pdf",Infratil Limited
158,164.F,"Infratil Limited, H1 2013 Earnings Call, Nov 13, 2012.pdf",Infratil Limited
159,165.F,"Infratil Limited, H1 2014 Earnings Call, Nov 12, 2013.pdf",Infratil Limited
160,166.F,"Infratil Limited, H1 2015 Earnings Call, Nov 11, 2014.pdf",Infratil Limited
161,167.F,"Infratil Limited, H1 2016 Earnings Call, Nov 11, 2015.pdf",Infratil Limited
162,168.F,Infratil Ltd. - AnalystInvestor Day.pdf,Infratil Limited
163,169.F,"Infratil Ltd., 2011 Earnings Call, May 17, 2011.pdf",Infratil Limited
164,170.F,"Infratil Ltd., 2012 Earnings Call, May 15, 2012.pdf",Infratil Limited
165,171.F,"Infratil Ltd., H1 2012 Earnings Call, Nov 15, 2011.pdf",Infratil Limited
166,172.F,"Infratil Ltd., Q2 2011 Earnings Call, Nov 16, 2010.pdf",Infratil Limited
167,173.F,"Kiwi Income Property Trust, 2011 Earnings Call, May 18, 2011.pdf",Kiwi Income Property Trust
168,174.F,"Kiwi Income Property Trust, H1 2012 Earnings Call, Nov 16, 2011.pdf",Kiwi Income Property Trust
169,175.F,National Australia Bank Limited - ShareholderAnalyst Call.pdf,National Australia Bank Limited
170,178.F,"National Australia Bank Limited, 2010 Earnings Call, Oct 26, 2010.pdf",National Australia Bank Limited
171,179.F,"National Australia Bank Limited, 2011 Earnings Call, Oct 27, 2011.pdf",National Australia Bank Limited
172,180.F,"National Australia Bank Limited, 2012 Earnings Call, Oct 31, 2012.pdf",National Australia Bank Limited
173,181.F,"National Australia Bank Limited, 2013 Earnings Call, Oct 31, 2013.pdf",National Australia Bank Limited
174,182.F,"National Australia Bank Limited, 2014 Earnings Call, Oct 30, 2014.pdf",National Australia Bank Limited
175,183.F,"National Australia Bank Limited, 2015 Earnings Call, Oct 28, 2015.pdf",National Australia Bank Limited
176,184.F,"National Australia Bank Limited, 2016 Earnings Call, Oct 27, 2016.pdf",National Australia Bank Limited
177,185.F,"National Australia Bank Limited, 2017 Earnings Call, Nov 02, 2017.pdf",National Australia Bank Limited
178,186.F,"National Australia Bank Limited, 2018 Earnings Call, Nov 01, 2018.pdf",National Australia Bank Limited
179,187.F,"National Australia Bank Limited, 2019 Earnings Call, Nov 07, 2019.pdf",National Australia Bank Limited
180,188.F,"National Australia Bank Limited, 2020 Earnings Call, Nov 05, 2020.pdf",National Australia Bank Limited
181,189.F,"National Australia Bank Limited, H1 2011 Earnings Call, May 05, 2011.pdf",National Australia Bank Limited
182,190.F,"National Australia Bank Limited, H1 2012 Earnings Call, May 10, 2012.pdf",National Australia Bank Limited
183,191.F,"National Australia Bank Limited, H1 2013 Earnings Call, May 09, 2013.pdf",National Australia Bank Limited
184,192.F,"National Australia Bank Limited, H1 2014 Earnings Call, May 08, 2014.pdf",National Australia Bank Limited
185,193.F,"National Australia Bank Limited, H1 2015 Earnings Call, May 07, 2015.pdf",National Australia Bank Limited
186,194.F,"National Australia Bank Limited, H1 2016 Earnings Call, May 05, 2016.pdf",National Australia Bank Limited
187,195.F,"National Australia Bank Limited, H1 2017 Earnings Call, May 04, 2017.pdf",National Australia Bank Limited
188,196.F,"National Australia Bank Limited, H1 2018 Earnings Call, May 03, 2018.pdf",National Australia Bank Limited
189,197.F,"National Australia Bank Limited, H1 2019 Earnings Call, May 02, 2019.pdf",National Australia Bank Limited
190,198.F,"National Australia Bank Limited, H1 2020 Earnings Call, Apr 27, 2020.pdf",National Australia Bank Limited
191,199.F,"National Australia Bank Limited, H1 2021 Earnings Call, May 06, 2021.pdf",National Australia Bank Limited
192,200.F,"National Australia Bank Limited, Q1 2011 Sales Trading Statement Call, Feb 08, 2011.pdf",National Australia Bank Limited
193,201.F,"National Australia Bank Limited, Q1 2012 Sales Trading Statement Call, Feb 07, 2012.pdf",National Australia Bank Limited
194,202.F,"National Australia Bank Limited, Q2 2010 Earnings Call, May-06-2010.pdf",National Australia Bank Limited
195,203.F,"National Australia Bank Limited, Q3 2011 Sales Trading Statement Call, Aug 09, 2011.pdf",National Australia Bank Limited
196,204.F,"National Australia Bank Limited, Q3 2012 Sales Trading Statement Call, Aug 14, 2012.pdf",National Australia Bank Limited
197,205.F,"National Australia Bank Limited, Q3 2020 Sales Trading Statement Call, Aug 14, 2020.pdf",National Australia Bank Limited
198,206.F,Spark New Zealand Limited - ShareholderAnalyst Call.pdf,Spark New Zealand Limited
199,207.F,"Spark New Zealand Limited, 2015 Earnings Call, Aug 21, 2015.pdf",Spark New Zealand Limited
200,208.F,"Spark New Zealand Limited, H1 2015 Earnings Call, Feb 19, 2015.pdf",Spark New Zealand Limited
201,209.F,"Telecom Corp. of New Zealand Ltd., 2011 Earnings Call, Aug 19, 2011.pdf",Telecom Corp of New Zealand Ltd
202,210.F,"Telecom Corp. of New Zealand Ltd., H1 2011 Earnings Call, Feb 11, 2011.pdf",Telecom Corp of New Zealand Ltd
203,211.F,"Telecom Corp. of New Zealand Ltd., H1 2012 Earnings Call, Feb 24, 2012.pdf",Telecom Corp of New Zealand Ltd
204,212.F,Telecom Corporation of New Zealand Limited - ShareholderAnalyst Call.pdf,Telecom Corp of New Zealand Ltd
205,213.F,"Telecom Corporation of New Zealand Limited, 2012 Earnings Call, Aug 24, 2012.pdf",Telecom Corp of New Zealand Ltd
206,214.F,"Telecom Corporation of New Zealand Limited, 2013 Earnings Call, Aug 23, 2013.pdf",Telecom Corp of New Zealand Ltd
207,215.F,"Telecom Corporation of New Zealand Limited, 2014 Earnings Call, Aug 22, 2014.pdf",Telecom Corp of New Zealand Ltd
208,216.F,"Telecom Corporation of New Zealand Limited, H1 2013 Earnings Call, Feb 22, 2013.pdf",Telecom Corp of New Zealand Ltd
209,217.F,"Telecom Corporation of New Zealand Limited, H1 2014 Earnings Call, Feb 21, 2014.pdf",Telecom Corp of New Zealand Ltd
210,218.F,Vector Limited - ShareholderAnalyst Call.pdf,Vector Limited
211,219.F,"Vector Limited, 2012 Earnings Call, Aug 23, 2012.pdf",Vector Limited
212,220.F,"Vector Limited, 2013 Earnings Call, Aug 22, 2013.pdf",Vector Limited
213,221.F,"Vector Limited, 2014 Earnings Call, Aug 22, 2014.pdf",Vector Limited
214,222.F,"Vector Limited, 2015 Earnings Call, Aug 28, 2015.pdf",Vector Limited
215,223.F,"Vector Limited, H1 2013 Earnings Call, Feb 21, 2013.pdf",Vector Limited
216,224.F,"Vector Limited, H1 2014 Earnings Call, Feb 21, 2014.pdf",Vector Limited
217,225.F,"Vector Limited, H1 2015 Earnings Call, Feb 20, 2015.pdf",Vector Limited
218,226.F,"Vector Ltd., 2010 Earnings Call, Aug-27-2010.pdf",Vector Limited
219,227.F,"Vector Ltd., 2011 Earnings Call, Aug 26, 2011.pdf",Vector Limited
220,228.F,"Vector Ltd., H1 2011 Earnings Call, Feb 25, 2011.pdf",Vector Limited
221,229.F,"Vector Ltd., H1 2012 Earnings Call, Feb 23, 2012.pdf",Vector Limited
222,230.F,Westpac Banking Corporation - ShareholderAnalyst Call.pdf,Westpac Banking Corporation
223,231.F,Westpac Banking Corporation - Special Call.pdf,Westpac Banking Corporation
224,232.F,"Westpac Banking Corporation, 2010 Earnings Call, Nov 03, 2010.pdf",Westpac Banking Corporation
225,233.F,"Westpac Banking Corporation, 2011 Earnings Call, Nov 02, 2011.pdf",Westpac Banking Corporation
226,234.F,"Westpac Banking Corporation, 2012 Earnings Call, Nov 05, 2012.pdf",Westpac Banking Corporation
227,235.F,"Westpac Banking Corporation, 2013 Earnings Call, Nov 04, 2013.pdf",Westpac Banking Corporation
228,236.F,"Westpac Banking Corporation, 2014 Earnings Call, Nov 03, 2014.pdf",Westpac Banking Corporation
229,237.F,"Westpac Banking Corporation, 2015 Earnings Call, Nov 02, 2015.pdf",Westpac Banking Corporation
230,238.F,"Westpac Banking Corporation, 2016 Earnings Call, Nov 07, 2016.pdf",Westpac Banking Corporation
231,239.F,"Westpac Banking Corporation, 2017 Earnings Call, Nov 06, 2017.pdf",Westpac Banking Corporation
232,240.F,"Westpac Banking Corporation, 2018 Earnings Call, Nov 05, 2018.pdf",Westpac Banking Corporation
233,241.F,"Westpac Banking Corporation, 2019 Earnings Call, Nov 04, 2019.pdf",Westpac Banking Corporation
234,242.F,"Westpac Banking Corporation, 2020 Earnings Call, Nov 02, 2020.pdf",Westpac Banking Corporation
235,243.F,"Westpac Banking Corporation, H1 2011 Earnings Call, May 04, 2011.pdf",Westpac Banking Corporation
236,244.F,"Westpac Banking Corporation, H1 2012 Earnings Call, May 03, 2012.pdf",Westpac Banking Corporation
237,245.F,"Westpac Banking Corporation, H1 2013 Earnings Call, May 03, 2013.pdf",Westpac Banking Corporation
238,246.F,"Westpac Banking Corporation, H1 2014 Earnings Call, May 05, 2014.pdf",Westpac Banking Corporation
239,247.F,"Westpac Banking Corporation, H1 2015 Earnings Call, May 04, 2015.pdf",Westpac Banking Corporation
240,248.F,"Westpac Banking Corporation, H1 2016 Earnings Call, May 02, 2016.pdf",Westpac Banking Corporation
241,249.F,"Westpac Banking Corporation, H1 2017 Earnings Call, May 08, 2017.pdf",Westpac Banking Corporation
242,250.F,"Westpac Banking Corporation, H1 2018 Earnings Call, May 07, 2018.pdf",Westpac Banking Corporation
243,251.F,"Westpac Banking Corporation, H1 2019 Earnings Call, May 06, 2019.pdf",Westpac Banking Corporation
244,252.F,"Westpac Banking Corporation, H1 2020 Earnings Call, May 04, 2020.pdf",Westpac Banking Corporation
245,253.F,"Westpac Banking Corporation, H1 2021 Earnings Call, May 03, 2021.pdf",Westpac Banking Corporation
246,254.F,"Westpac Banking Corporation, Q1 2011 Earnings Call, Feb 15, 2011.pdf",Westpac Banking Corporation
247,255.F,"Westpac Banking Corporation, Q1 2012 Earnings Call, Feb 16, 2012.pdf",Westpac Banking Corporation
248,256.F,"Westpac Banking Corporation, Q1 2021 Earnings Call, Feb 17, 2021.pdf",Westpac Banking Corporation
249,257.F,"Westpac Banking Corporation, Q3 2011 Earnings Call, Aug 16, 2011.pdf",Westpac Banking Corporation
250,258.F,"Westpac Banking Corporation, Q3 2020 Earnings Call, Aug 17, 2020.pdf",Westpac Banking Corporation
