document_id,filename,firm_id,calltime,innovation-anz-helen,integrity-anz-helen,quality-anz-helen,respect-anz-helen,teamwork-anz-helen,document_length-anz-helen,innovation-us-helen,integrity-us-helen,quality-us-helen,respect-us-helen,teamwork-us-helen,document_length-us-helen
1.F,Air New Zealand Limited - ShareholderAnalyst Call.pdf,Air New Zealand Limited,201510,1.6461,8.4127,6.8924,4.2468,1.7181,4352,2.6721,2.7032,1.4026,5.9015,2.1366,4352
2.F,"Air New Zealand Limited, 2011 Earnings Call, Aug 25, 2011.pdf",Air New Zealand Limited,201108,2.0162,0.9587,6.4733,0.7375,1.6586,2211,1.1946,0.2198,0.9229,0.0659,0.8634,2211
3.F,"Air New Zealand Limited, 2012 Earnings Call, Aug 30, 2012.pdf",Air New Zealand Limited,201208,2.3759,2.0985,5.3482,1.9038,3.1589,1771,0.8447,0.2124,0.8791,0.3101,3.7891,1771
4.F,"Air New Zealand Limited, 2013 Earnings Call, Aug 29, 2013.pdf",Air New Zealand Limited,201308,3.4081,4.2026,4.6508,3.6707,3.3171,1301,2.7549,0.4716,1.303,0.4427,1.1261,1301
5.F,"Air New Zealand Limited, 2014 Earnings Call, Aug 27, 2014.pdf",Air New Zealand Limited,201408,1.6133,1.2529,6.2061,0.8503,3.1508,1336,1.1309,0.3119,0.8177,0.6879,0.9481,1336
6.F,"Air New Zealand Limited, 2015 Earnings Call, Aug 26, 2015.pdf",Air New Zealand Limited,201508,1.4514,2.589,5.1313,2.7092,1.537,2195,0.9166,1.3926,1.4985,0.6989,1.8876,2195
7.F,"Air New Zealand Limited, H1 2011 Earnings Call, Feb 24, 2011.pdf",Air New Zealand Limited,201102,1.4158,0.9653,3.5407,0.8424,2.9379,1195,0.5394,0,1.2164,0.1074,0.8793,1195
8.F,"Air New Zealand Limited, H1 2012 Earnings Call, Feb 24, 2012.pdf",Air New Zealand Limited,201202,2.4094,1.296,2.4713,1.3158,1.7069,1038,0.6854,0.3799,1.4901,0,0.9581,1038
9.F,"Air New Zealand Limited, H1 2013 Earnings Call, Feb 28, 2013.pdf",Air New Zealand Limited,201302,4.7161,1.8843,8.187,1.9596,1.1533,1010,4.1907,0.4125,3.3941,1.5882,2.435,1010
10.F,"Air New Zealand Limited, H1 2014 Earnings Call, Feb 27, 2014.pdf",Air New Zealand Limited,201402,5.7351,2.6296,3.8026,1.9659,1.3505,849,1.1215,1.3984,2.1258,1.4633,3.2869,849
11.F,"Air New Zealand Limited, H1 2015 Earnings Call, Feb 25, 2015.pdf",Air New Zealand Limited,201502,0.4737,0.8,6.5113,1.2379,3.2302,921,0.9627,0.3529,1.0641,1.323,0.1609,921
12.F,Auckland International Airport Limited - ShareholderAnalyst Call.pdf,Auckland International Airport Limited,201510,2.5643,9.3325,6.9688,5.3592,1.9621,6813,3.3886,2.5329,1.9946,5.1543,1.6992,6813
13.F,"Auckland International Airport Limited Presents at Depositary Receipts Virtual Investor Conference, Nov-19-2014 0445 PM.pdf",Auckland International Airport Limited,201411,1.5379,4.7626,5.2741,7.2928,1.6717,1605,2.4749,0,1.8121,0.5396,1.5391,1605
14.F,"Auckland International Airport Limited, 2013 Earnings Call, Aug 21, 2013.pdf",Auckland International Airport Limited,201308,1.0695,3.0719,1.5836,1.1836,1.2054,1401,1.2608,0.2897,1.3447,0.652,0.5044,1401
15.F,"Auckland International Airport Limited, 2014 Earnings Call, Aug 26, 2014.pdf",Auckland International Airport Limited,201408,2.4439,1.9193,4.3863,1.85,1.9942,1768,1.5708,0,0.5233,0.0196,1.3056,1768
16.F,"Auckland International Airport Limited, 2015 Earnings Call, Aug 24, 2015.pdf",Auckland International Airport Limited,201508,0.7921,0.6692,3.1922,1.2702,1.2508,1858,0.7786,0.6447,0.5294,0.398,0.9094,1858
17.F,"Auckland International Airport Limited, H1 2014 Earnings Call, Feb 20, 2014.pdf",Auckland International Airport Limited,201402,0.8214,4.2515,5.3391,3.4114,2.9272,1106,1.5038,0.5425,0.1508,0.8288,0.3558,1106
18.F,"Auckland International Airport Limited, H1 2015 Earnings Call, Feb 20, 2015.pdf",Auckland International Airport Limited,201502,1.477,1.5131,3.0418,1.2187,0.3577,1165,1.0373,1.0154,0.2189,0,0.3615,1165
19.F,Auckland International Airport Ltd. - ShareholderAnalyst Call.pdf,Auckland International Airport Limited,201210,1.5204,8.0104,4.8034,3.161,1.7738,1033,3.4041,1.6162,0.3054,2.1415,2.0406,1033
20.F,"Auckland International Airport Ltd., 2011 Earnings Call, Aug 23, 2011.pdf",Auckland International Airport Limited,201108,1.4496,3.5782,1.7993,0.2265,2.9547,1741,0.4741,0.1029,0.5198,0.0099,0.153,1741
21.F,"Auckland International Airport Ltd., 2012 Earnings Call, Aug 30, 2012.pdf",Auckland International Airport Limited,201208,1.042,3.126,3.8813,0,3.9077,683,0.9877,0.7345,0.8667,0,2.0347,683
22.F,"Auckland International Airport Ltd., H1 2011 Earnings Call, Feb 24, 2011.pdf",Auckland International Airport Limited,201102,0.6145,1.4323,3.2766,2.0247,2.5351,926,0.8305,0.3147,0.4195,0.2399,0.1349,926
23.F,"Auckland International Airport Ltd., H1 2012 Earnings Call, Feb 29, 2012.pdf",Auckland International Airport Limited,201202,1.7728,3.5706,3.076,3.0265,3.2444,1880,1.5252,0.4683,0.5192,0.3859,0.7284,1880
24.F,"Auckland International Airport Ltd., H1 2013 Earnings Call, Feb 21, 2013.pdf",Auckland International Airport Limited,201302,0.8515,2.5531,3.0375,3.1517,1.3401,1119,0.6683,0.2242,0.9525,0.0155,1.1398,1119
25.F,Australia  New Zealand Banking Group Limited - ShareholderAnalyst Call.pdf,Australia New Zealand Banking Group Limited,201612,0.9159,9.2587,2.7041,4.015,1.2884,8630,1.4386,4.1838,1.4696,3.828,1.3934,8630
26.F,Australia  New Zealand Banking Group Limited - Special Call.pdf,Australia New Zealand Banking Group Limited,201508,0.1484,1.4337,0.8052,0.564,2.4914,1366,0.2362,0.7531,0.3549,0.44,1.0852,1366
27.F,"Australia  New Zealand Banking Group Limited, 2011 Earnings Call, Nov 03, 2011.pdf",Australia New Zealand Banking Group Limited,201111,1.6595,0.6839,2.3765,0.8769,1.3539,2399,0.8099,0.0821,0.401,0.2025,0.5019,2399
28.F,"Australia  New Zealand Banking Group Limited, 2012 Earnings Call, Oct 25, 2012.pdf",Australia New Zealand Banking Group Limited,201210,1.0222,1.3643,2.353,1.2713,2.0709,2854,1.8244,0.3374,0.5364,0.3474,0.2853,2854
29.F,"Australia  New Zealand Banking Group Limited, 2013 Earnings Call, Oct 29, 2013.pdf",Australia New Zealand Banking Group Limited,201310,1.0802,2.1009,2.0348,1.5714,1.1562,2827,1.5291,0.3172,0.6976,0.0526,0.6802,2827
30.F,"Australia  New Zealand Banking Group Limited, 2014 Earnings Call, Oct 31, 2014.pdf",Australia New Zealand Banking Group Limited,201410,1.261,1.7945,1.351,1.0729,2.8479,2702,1.0057,0.7041,0.4225,0.2002,0.6701,2702
31.F,"Australia  New Zealand Banking Group Limited, 2015 Earnings Call, Oct 29, 2015.pdf",Australia New Zealand Banking Group Limited,201510,0.8034,1.5117,1.4485,0.8246,2.6701,2498,1.0843,0.2381,0.6019,0.1077,0.1729,2498
32.F,"Australia  New Zealand Banking Group Limited, 2016 Earnings Call, Nov 03, 2016.pdf",Australia New Zealand Banking Group Limited,201611,2.3373,1.8846,2.881,0.5937,2.4197,3539,1.0083,1.0335,0.5872,0.8832,0.424,3539
33.F,"Australia  New Zealand Banking Group Limited, H1 2012 Earnings Call, May 02, 2012.pdf",Australia New Zealand Banking Group Limited,201205,1.7025,0.5332,3.8089,0.8403,2.8802,2862,0.7112,0.5048,0.718,0.3012,0.3996,2862
34.F,"Australia  New Zealand Banking Group Limited, H1 2013 Earnings Call, Apr 30, 2013.pdf",Australia New Zealand Banking Group Limited,201304,1.1098,1.1692,1.632,0.1877,1.6877,2004,1.2387,0.9021,0.943,0.2239,0.5039,2004
35.F,"Australia  New Zealand Banking Group Limited, H1 2014 Earnings Call, May 01, 2014.pdf",Australia New Zealand Banking Group Limited,201405,1.3298,0.8013,1.893,0.7958,1.8816,2489,0.9907,0.3701,0.5713,0.2578,0.3127,2489
36.F,"Australia  New Zealand Banking Group Limited, H1 2015 Earnings Call, May 05, 2015.pdf",Australia New Zealand Banking Group Limited,201505,1.0405,1.5751,3.2925,1.7223,1.3036,2671,0.6772,1.2178,0.5607,0.5654,1.017,2671
37.F,"Australia  New Zealand Banking Group Limited, H1 2016 Earnings Call, May 03, 2016.pdf",Australia New Zealand Banking Group Limited,201605,0.7191,2.9602,2.0823,0.9425,1.4777,3556,1.5209,1.338,0.5109,1.0311,0.588,3556
38.F,"Australia  New Zealand Banking Group Limited, Nine Months 2013 Sales Trading Statement Call, Aug 16, 2013.pdf",Australia New Zealand Banking Group Limited,201308,1.7797,0.7705,1.0426,0.416,3.4664,1739,0.1204,0.3435,0.1616,0.3354,0,1739
39.F,"Australia  New Zealand Banking Group Limited, Nine Months 2015 Sales Trading Statement Call, Aug 18, 2015.pdf",Australia New Zealand Banking Group Limited,201508,0,1.1577,1.5723,0.4817,3.3971,1470,0.2803,0.7648,0.1756,0.7411,1.2944,1470
40.F,"Australia  New Zealand Banking Group Limited, Q1 2013 Sales Trading Statement Call, Feb 15, 2013.pdf",Australia New Zealand Banking Group Limited,201302,0.8636,1.9056,1.8447,1.0206,0.7583,2404,0.5572,0.6761,0.2403,0.1565,0.1218,2404
41.F,Australia  New Zealand Banking Group Ltd. - Special Call.pdf,Australia New Zealand Banking Group Limited,201102,0.9023,1.089,2.417,0.9482,3.4946,2194,0.3306,0.5344,0.6859,0.4724,0.9135,2194
42.F,"Australia  New Zealand Banking Group Ltd., 2010 Earnings Call, Oct 28, 2010.pdf",Australia New Zealand Banking Group Limited,201010,1.9764,1.6492,3.0384,2.3335,1.9753,2170,0.5441,1.3461,0.9907,0.4964,1.2029,2170
43.F,"Australia  New Zealand Banking Group Ltd., H1 2011 Earnings Call, May 03, 2011.pdf",Australia New Zealand Banking Group Limited,201105,1.559,1.4397,2.3112,0.6764,2.2927,2554,0.4449,0.4849,0.4715,0.1405,0.3655,2554
44.F,"Australia  New Zealand Banking Group Ltd., Q2 2010 Earnings Call, Apr-29-2010.pdf",Australia New Zealand Banking Group Limited,201004,0.2102,1.3181,1.3933,1.0228,3.0628,2346,0.5335,0.6179,0.1163,0.486,0.4277,2346
45.F,Australia and New Zealand Banking Group Limited - ShareholderAnalyst Call.pdf,Australia New Zealand Banking Group Limited,201712,0,5.3078,0.3609,3.522,1.1656,298,2.326,1.6551,0.5613,0.3248,0,298
46.F,"Australia and New Zealand Banking Group Limited, 2017 Earnings Call, Oct 26, 2017.pdf",Australia New Zealand Banking Group Limited,201710,1.0191,2.0105,2.666,1.5772,1.5824,3206,1.1517,0.9564,0.4926,1.5579,0.4123,3206
47.F,"Australia and New Zealand Banking Group Limited, 2018 Earnings Call, Oct 31, 2018.pdf",Australia New Zealand Banking Group Limited,201810,1.2641,2.5136,3.6429,1.5202,2.9208,3551,1.775,0.7487,0.4355,0.3099,0.3698,3551
48.F,"Australia and New Zealand Banking Group Limited, 2019 Earnings Call, Oct 31, 2019.pdf",Australia New Zealand Banking Group Limited,201910,0.6698,0.9317,1.5765,0.9393,1.2454,3002,1.6223,0.4002,0.4239,0.2078,0.3453,3002
49.F,"Australia and New Zealand Banking Group Limited, 2020 Earnings Call, Oct 29, 2020.pdf",Australia New Zealand Banking Group Limited,202010,2.0358,1.6071,3.8626,2.4442,1.95,4369,1.6093,0.3393,0.7998,0.2582,0.4251,4369
50.F,"Australia and New Zealand Banking Group Limited, H1 2017 Earnings Call, May 02, 2017.pdf",Australia New Zealand Banking Group Limited,201705,1.3726,0.3829,2.1023,0.4257,2.3996,3629,1.3588,0.4521,0.5898,0.2472,0.1011,3629
51.F,"Australia and New Zealand Banking Group Limited, H1 2018 Earnings Call, May 01, 2018.pdf",Australia New Zealand Banking Group Limited,201805,1.4379,1.6912,4.0826,1.5128,2.1053,3208,1.3644,0.5983,0.7212,0.7382,0.5842,3208
52.F,"Australia and New Zealand Banking Group Limited, H1 2019 Earnings Call, May 01, 2019.pdf",Australia New Zealand Banking Group Limited,201905,2.2541,2.6658,2.6323,1.6009,1.639,2639,2.2896,1.3435,0.5575,0.7006,0.7256,2639
53.F,"Australia and New Zealand Banking Group Limited, H1 2020 Earnings Call, Apr 30, 2020.pdf",Australia New Zealand Banking Group Limited,202004,0.9284,1.587,1.4275,1.2794,2.727,4458,0.9252,0.8195,0.5751,0.2329,0.579,4458
54.F,"Australia and New Zealand Banking Group Limited, H1 2021 Earnings Call, May 05, 2021.pdf",Australia New Zealand Banking Group Limited,202105,1.5164,2.9546,2.5677,1.7104,2.3731,5209,0.8908,1.7278,0.4096,0.8427,0.1471,5209
55.F,"Australia and New Zealand Banking Group Limited, Q3 2020 Sales Trading Statement Call, Aug 19, 2020.pdf",Australia New Zealand Banking Group Limited,202008,0.9509,1.3758,1.5675,1.9592,0.9991,3324,1.0809,0.4732,0.5053,0.2662,0.5013,3324
56.F,Bank of Queensland Limited - ShareholderAnalyst Call.pdf,Bank of Queensland Limited,201711,1.6525,9.3169,4.1301,4.0278,2.133,685,2.5843,7.4286,0.02,4.9477,0.7503,685
57.F,"Bank of Queensland Limited, 2017 Earnings Call, Oct 12, 2017.pdf",Bank of Queensland Limited,201710,2.3222,1.2844,6.4471,1.6016,2.4707,1862,2.0401,0.548,1.8283,0.5588,0.293,1862
58.F,"Bank of Queensland Limited, 2018 Earnings Call, Oct 04, 2018.pdf",Bank of Queensland Limited,201810,2.4953,2.4437,5.0707,2.1251,3.4267,2362,2.4704,1.1381,1.5358,0.1689,1.4671,2362
59.F,"Bank of Queensland Limited, 2019 Earnings Call, Oct 17, 2019.pdf",Bank of Queensland Limited,201910,3.3842,1.7526,4.5964,1.4471,1.5798,3131,2.8165,0.2585,1.5148,0.2512,0.5669,3131
60.F,"Bank of Queensland Limited, 2020 Earnings Call, Oct 14, 2020.pdf",Bank of Queensland Limited,202010,1.2057,2.1784,2.8571,1.9562,2.1134,2783,1.1154,0.5623,0.9955,0.5889,0.4084,2783
61.F,"Bank of Queensland Limited, H1 2017 Earnings Call, Mar 30, 2017.pdf",Bank of Queensland Limited,201703,1.2926,1.9347,3.1529,1.2082,2.6005,2867,1.3295,1.2447,0.7128,0.2084,0.0258,2867
62.F,"Bank of Queensland Limited, H1 2018 Earnings Call, Apr 17, 2018.pdf",Bank of Queensland Limited,201804,0.852,2.57,4.0425,1.2731,2.5925,2267,0.6538,1.14,0.7632,0,0.4013,2267
63.F,"Bank of Queensland Limited, H1 2019 Earnings Call, Apr 11, 2019.pdf",Bank of Queensland Limited,201904,1.5249,2.6113,4.2504,1.1805,1.6909,1953,2.4885,0.7244,0.9178,0.384,0.579,1953
64.F,"Bank of Queensland Limited, H1 2020 Earnings Call, Apr 08, 2020.pdf",Bank of Queensland Limited,202004,0.9674,0.8547,2.178,2.7547,2.0248,2514,0.4984,0.3102,1.2842,0.2956,1.3874,2514
65.F,"Bank of Queensland Limited, H1 2021 Earnings Call, Apr 15, 2021.pdf",Bank of Queensland Limited,202104,4.4909,2.3021,5.1207,1.3233,2.3096,2925,5.4119,0.4525,1.7887,0.2736,0.4295,2925
66.F,"Bank of Queensland Limited, Members Equity Bank Limited - MA Call.pdf",Bank of Queensland Limited,202102,5.8042,3.5412,8.1988,3.6898,2.1937,1585,8.5844,0.4856,1.0154,0.9242,0.9254,1585
67.F,Bank of Queensland Ltd. - ShareholderAnalyst Call.pdf,Bank of Queensland Limited,201311,0,11.8611,1.4207,3.7567,0,180,3.9437,6.17,0,0.2884,0,180
68.F,"Bank of Queensland Ltd., 2010 Earnings Call, Oct 14, 2010.pdf",Bank of Queensland Limited,201010,0.991,0.7032,2.5103,0.8046,2.5213,2091,1.0676,0.5783,1.5304,0.5826,0.1644,2091
69.F,"Bank of Queensland Ltd., 2011 Earnings Call, Oct 13, 2011.pdf",Bank of Queensland Limited,201110,0.2792,0.8062,2.0448,1.2831,2.2631,1749,0.4526,0,0.2262,0.1171,0.3555,1749
70.F,"Bank of Queensland Ltd., 2012 Earnings Call, Oct 18, 2012.pdf",Bank of Queensland Limited,201210,0.9085,3.2759,5.4812,1.8889,0.7402,1411,1.6937,0.7113,0.843,0.3705,0.5087,1411
71.F,"Bank of Queensland Ltd., 2013 Earnings Call, Oct 10, 2013.pdf",Bank of Queensland Limited,201310,1.0993,0.5419,3.8632,1.1718,1.6429,1287,1.6879,0.4033,0.4006,0.4751,0,1287
72.F,"Bank of Queensland Ltd., 2014 Earnings Call, Oct 09, 2014.pdf",Bank of Queensland Limited,201410,1.8782,4.6257,5.9456,2.9084,1.5462,1941,1.2542,2.2916,0.4996,1.4586,1.1115,1941
73.F,"Bank of Queensland Ltd., 2015 Earnings Call, Oct 08, 2015.pdf",Bank of Queensland Limited,201510,2.0934,2.5011,4.8909,2.2955,2.9192,1926,0.4479,0.2096,1.6683,0.345,0.4698,1926
74.F,"Bank of Queensland Ltd., 2016 Earnings Call, Oct 06, 2016.pdf",Bank of Queensland Limited,201610,2.3903,1.609,4.9253,3.7847,1.885,2790,2.3912,0.483,1.1374,0.4855,0.1315,2790
75.F,"Bank of Queensland Ltd., H1 2011 Earnings Call, Apr 14, 2011.pdf",Bank of Queensland Limited,201104,0.6774,1.4318,1.8153,1.6387,1.7257,2226,0.6383,0.133,0.5512,0.639,0.2652,2226
76.F,"Bank of Queensland Ltd., H1 2012 Earnings Call, Apr 18, 2012.pdf",Bank of Queensland Limited,201204,0.7945,3.6231,4.8628,2.7232,1.5825,1445,0.8516,0.3458,1.1304,1.5969,0.712,1445
77.F,"Bank of Queensland Ltd., H1 2013 Earnings Call, Apr 18, 2013.pdf",Bank of Queensland Limited,201304,1.1961,1.2458,3.5687,1.3965,2.0081,1586,1.6479,0.4622,0.8864,0.3429,0.0467,1586
78.F,"Bank of Queensland Ltd., H1 2014 Earnings Call, Apr 11, 2014.pdf",Bank of Queensland Limited,201404,1.3989,2.1143,6.0184,0.8827,2.3423,1287,1.1474,0.3282,1.5594,0.6956,0.3573,1287
79.F,"Bank of Queensland Ltd., H1 2015 Earnings Call, Mar 26, 2015.pdf",Bank of Queensland Limited,201503,1.5041,1.6479,3.7602,1.0809,1.2328,2644,0.97,0.9319,0.6709,0.597,0.3125,2644
80.F,"Bank of Queensland Ltd., H1 2016 Earnings Call, Apr 07, 2016.pdf",Bank of Queensland Limited,201604,2.3323,3.3204,3.4854,1.8442,2.06,2269,1.2513,1.5946,0.8753,0.6614,0.4477,2269
81.F,"Bank of Queensland Ltd., Q2 2010 Earnings Call, Apr 15, 2010.pdf",Bank of Queensland Limited,201004,1.3744,1.7676,3.3983,2.4341,1.0334,1790,1.3574,0.7332,0.9403,0.3572,0.5193,1790
82.F,"Bank of Queensland Ltd., Virgin Money (Australia) Pty Limited - MA Call.pdf",Bank of Queensland Limited,201304,3.1704,3.8266,9.9138,4.5392,2.3824,1527,5.4497,0.9629,1.3746,1.0469,2.4052,1527
83.F,Bendigo and Adelaide Bank Limited - ShareholderAnalyst Call.pdf,Bendigo and Adelaide Bank Limited,201610,1.6795,10.9312,3.9258,3.7458,2.4684,6167,2.6423,2.9663,1.5919,6.1872,1.9226,6167
84.F,"Bendigo and Adelaide Bank Limited, 2012 Earnings Call, Aug 20, 2012.pdf",Bendigo and Adelaide Bank Limited,201208,0.7086,1.0816,2.2901,1.1709,2.1232,2629,0.9609,0.8399,0.5365,0.3227,1.2479,2629
85.F,"Bendigo and Adelaide Bank Limited, 2013 Earnings Call, Aug 19, 2013.pdf",Bendigo and Adelaide Bank Limited,201308,0.9259,0.7875,1.8005,0.7613,2.0499,2335,0.7398,0.8828,0.5176,0.2762,0.3677,2335
86.F,"Bendigo and Adelaide Bank Limited, 2014 Earnings Call, Aug 11, 2014.pdf",Bendigo and Adelaide Bank Limited,201408,0.888,2.353,1.7185,0.7409,1.3793,2816,0.6657,0.5133,0.3001,0.2217,0.9656,2816
87.F,"Bendigo and Adelaide Bank Limited, 2015 Earnings Call, Aug 10, 2015.pdf",Bendigo and Adelaide Bank Limited,201508,0.4905,0.6229,0.8603,0.7238,2.9244,2020,0.6986,0.1609,0.11,0.0792,0.381,2020
88.F,"Bendigo and Adelaide Bank Limited, 2016 Earnings Call, Aug 08, 2016.pdf",Bendigo and Adelaide Bank Limited,201608,0.3104,1.603,1.3644,0.8057,1.3049,2692,0.8362,1.0863,1.0793,0.6511,0.5332,2692
89.F,"Bendigo and Adelaide Bank Limited, 2017 Earnings Call, Aug 14, 2017.pdf",Bendigo and Adelaide Bank Limited,201708,0.2797,1.2609,1.5173,0.3788,2.2968,2034,0.8207,0.2655,0.2581,0.4003,0.3351,2034
90.F,"Bendigo and Adelaide Bank Limited, 2018 Earnings Call, Aug 13, 2018.pdf",Bendigo and Adelaide Bank Limited,201808,0.8009,0.5869,2.5503,1.1648,0.8483,1955,0.6459,0.3892,0.4402,0.2486,0.3362,1955
91.F,"Bendigo and Adelaide Bank Limited, 2019 Earnings Call, Aug 12, 2019.pdf",Bendigo and Adelaide Bank Limited,201908,1.4437,1.4815,2.1305,0.426,0.38,1904,0.7863,0.4578,1.2577,1.3139,0.3024,1904
92.F,"Bendigo and Adelaide Bank Limited, 2020 Earnings Call, Aug 17, 2020.pdf",Bendigo and Adelaide Bank Limited,202008,1.5483,0.3767,1.8067,1.1851,2.467,2177,1.1397,0.0515,0.538,0.0626,0.7384,2177
93.F,"Bendigo and Adelaide Bank Limited, H1 2012 Earnings Call, Feb 20, 2012.pdf",Bendigo and Adelaide Bank Limited,201202,0.4089,0.7707,2.8189,1.7371,2.5381,2134,0.8773,0.6047,0.7693,0.9161,0.4642,2134
94.F,"Bendigo and Adelaide Bank Limited, H1 2013 Earnings Call, Feb 18, 2013.pdf",Bendigo and Adelaide Bank Limited,201302,1.4701,1.1161,2.2143,1.0528,1.2223,2668,0.9465,0.5807,0.7531,0.8983,0.8635,2668
95.F,"Bendigo and Adelaide Bank Limited, H1 2014 Earnings Call, Feb 17, 2014.pdf",Bendigo and Adelaide Bank Limited,201402,0.2744,0.5445,0.9362,0.3049,3.0954,2240,0.6296,0.5384,0.3613,0.0155,0.3058,2240
96.F,"Bendigo and Adelaide Bank Limited, H1 2015 Earnings Call, Feb 16, 2015.pdf",Bendigo and Adelaide Bank Limited,201502,1.1449,1.0311,2.4322,1.58,2.4378,1554,0.9673,0.4697,1.5633,0.1687,0.6992,1554
97.F,"Bendigo and Adelaide Bank Limited, H1 2016 Earnings Call, Feb 15, 2016.pdf",Bendigo and Adelaide Bank Limited,201602,0.4878,1.335,2.4947,0.4507,2.5845,2187,0.6345,1.2292,0.1553,0.3158,0.1136,2187
98.F,"Bendigo and Adelaide Bank Limited, H1 2017 Earnings Call, Feb 13, 2017.pdf",Bendigo and Adelaide Bank Limited,201702,0.528,0.8066,3.2967,0.9344,1.9688,2247,0.925,0.2214,0.6894,0.097,0.6495,2247
99.F,"Bendigo and Adelaide Bank Limited, H1 2018 Earnings Call, Feb 12, 2018.pdf",Bendigo and Adelaide Bank Limited,201802,0.7966,1.1373,3.6578,1.8244,3.0176,2394,0.875,0.7879,0.8921,0.1925,0.394,2394
100.F,"Bendigo and Adelaide Bank Limited, H1 2019 Earnings Call, Feb 11, 2019.pdf",Bendigo and Adelaide Bank Limited,201902,0.7548,1.0906,1.5036,0.9462,2.7355,1759,1.2485,0.2482,0.4179,0.105,0.5746,1759
101.F,"Bendigo and Adelaide Bank Limited, H1 2020 Earnings Call, Feb 17, 2020.pdf",Bendigo and Adelaide Bank Limited,202002,0.7539,1.0552,1.4475,0.6934,2.0912,2600,1.1553,0.1495,0.4809,0.1313,0.4016,2600
102.F,"Bendigo and Adelaide Bank Limited, H1 2021 Earnings Call, Feb 15, 2021.pdf",Bendigo and Adelaide Bank Limited,202102,1.5194,0.8173,3.8887,1.7051,2.6381,1865,1.2023,0,1.2184,0.3169,0.5454,1865
103.F,"Bendigo and Adelaide Bank Limited., 2011 Earnings Call, Aug 08, 2011.pdf",Bendigo and Adelaide Bank Limited,201108,0.5552,2.5894,1.6145,1.4076,0.6969,2185,0.4914,0.4626,0.1056,0.579,0.3986,2185
104.F,"Bendigo and Adelaide Bank Limited., H1 2011 Earnings Call, Feb 14, 2011.pdf",Bendigo and Adelaide Bank Limited,201102,0.2813,1.5312,0.8905,0.9518,2.7389,2967,0.2964,0.4877,0.4621,0.2846,0.4628,2967
105.F,Commonwealth Bank of Australia - Pre Recorded MA Call.pdf,Commonwealth Bank of Australia,201806,2.315,8.2864,5.5271,11.5416,0,413,4.4904,1.0907,0.4789,0.7154,0,413
106.F,Commonwealth Bank of Australia - ShareholderAnalyst Call.pdf,Commonwealth Bank of Australia,201311,0.9617,7.2271,0.5792,2.2946,3.9106,469,1.9389,0.7698,0.2293,4.0766,1.2429,469
107.F,"Commonwealth Bank of Australia, 2011 Earnings Call, Aug 10, 2011.pdf",Commonwealth Bank of Australia,201108,1.7452,1.025,2.6015,1.2555,2.063,2816,0.7287,0.1804,1.2215,0.6837,0.1664,2816
108.F,"Commonwealth Bank of Australia, 2012 Earnings Call, Aug 15, 2012.pdf",Commonwealth Bank of Australia,201208,0.8334,1.3071,1.3526,0.8605,0.7602,2847,1.2106,0.7095,1.0224,0.1163,1.1659,2847
109.F,"Commonwealth Bank of Australia, 2013 Earnings Call, Aug 14, 2013.pdf",Commonwealth Bank of Australia,201308,1.7268,1.8162,1.7331,0.5176,1.2686,2517,1.1934,0.3398,0.6677,0.3242,0.7061,2517
110.F,"Commonwealth Bank of Australia, 2014 Earnings Call, Aug 13, 2014.pdf",Commonwealth Bank of Australia,201408,2.1048,3.2231,1.8306,1.033,1.4432,1990,2.4055,0.6933,0.39,0.6271,0.1311,1990
111.F,"Commonwealth Bank of Australia, 2015 Earnings Call, Aug 12, 2015.pdf",Commonwealth Bank of Australia,201508,1.1347,1.7871,1.9111,0.2632,1.2966,2733,1.508,1.0277,0.4371,0.4718,0.1868,2733
112.F,"Commonwealth Bank of Australia, 2016 Earnings Call, Aug 10, 2016.pdf",Commonwealth Bank of Australia,201608,1.4209,2.5048,3.1503,1.3037,2.2885,2719,0.706,1.0348,1.2208,0.8701,0.8919,2719
113.F,"Commonwealth Bank of Australia, 2017 Earnings Call, Aug 09, 2017.pdf",Commonwealth Bank of Australia,201708,0.8022,3.0364,2.4104,0.7209,2.0779,2322,0.4357,1.6414,0.6435,1.1847,0.5474,2322
114.F,"Commonwealth Bank of Australia, 2018 Earnings Call, Aug 08, 2018.pdf",Commonwealth Bank of Australia,201808,1.5109,1.4294,1.9797,0.2704,1.8121,2062,1.3631,0.2348,0.4698,0.2628,0.4987,2062
115.F,"Commonwealth Bank of Australia, 2018 Pre Recorded Earnings Call, Aug 08, 2018.pdf",Commonwealth Bank of Australia,201808,3.0637,6.7796,6.9886,0.3613,0,523,2.1504,0.6416,1.5109,1.1123,0.86,523
116.F,"Commonwealth Bank of Australia, 2019 Earnings Call, Aug 07, 2019.pdf",Commonwealth Bank of Australia,201908,1.7391,1.5687,5.2002,0.6791,0.6975,2194,1.1792,0.7144,0.948,0.6825,0.0981,2194
117.F,"Commonwealth Bank of Australia, 2020 Earnings Call, Aug 12, 2020.pdf",Commonwealth Bank of Australia,202008,0.4113,1.2725,1.4891,1.4755,1.8504,2284,0.416,0.8171,0.9392,0.6232,0.6172,2284
118.F,"Commonwealth Bank of Australia, H1 2011 Earnings Call, Feb 09, 2011.pdf",Commonwealth Bank of Australia,201102,0.4085,1.8762,2.3561,0.4223,0.4902,2272,0.6009,0.2012,0.399,0.1681,0.5217,2272
119.F,"Commonwealth Bank of Australia, H1 2012 Earnings Call, Feb 15, 2012.pdf",Commonwealth Bank of Australia,201202,2.172,1.9779,1.5417,0.8211,1.9833,2647,0.8855,1.0105,1.1429,0.1986,0.4308,2647
120.F,"Commonwealth Bank of Australia, H1 2013 Earnings Call, Feb 13, 2013.pdf",Commonwealth Bank of Australia,201302,1.6284,4.0847,2.5331,1.0569,1.5354,3197,1.8003,1.6094,0.395,0.9926,0.1728,3197
121.F,"Commonwealth Bank of Australia, H1 2014 Earnings Call, Feb 12, 2014.pdf",Commonwealth Bank of Australia,201402,1.0455,2.0981,2.4763,1.0035,2.737,2513,1.358,0.5433,0.6133,0.5252,0.2565,2513
122.F,"Commonwealth Bank of Australia, H1 2015 Earnings Call, Feb 11, 2015.pdf",Commonwealth Bank of Australia,201502,1.1311,2.3486,2.3093,0.8001,2.306,1895,1.8393,0.9633,1.1441,0.086,0.8736,1895
123.F,"Commonwealth Bank of Australia, H1 2016 Earnings Call, Feb 10, 2016.pdf",Commonwealth Bank of Australia,201602,1.1436,1.4071,1.601,0.1246,1.4409,2787,0.4592,0.6464,0.8932,0.6642,0.28,2787
124.F,"Commonwealth Bank of Australia, H1 2017 Earnings Call, Feb 15, 2017.pdf",Commonwealth Bank of Australia,201702,1.0429,2.144,3.6268,1.1588,1.6967,2453,1.2283,0.5057,1.0001,0.6616,0.375,2453
125.F,"Commonwealth Bank of Australia, H1 2018 Earnings Call, Feb 07, 2018.pdf",Commonwealth Bank of Australia,201802,1.241,3.0741,2.5032,0.806,1.6276,2118,1.9502,1.9426,1.4001,0.2786,0.3946,2118
126.F,"Commonwealth Bank of Australia, H1 2019 Earnings Call, Feb 06, 2019.pdf",Commonwealth Bank of Australia,201902,1.2382,2.0623,3.3561,2.1682,1.6885,2473,1.0083,0.584,0.7235,0.5274,0.7838,2473
127.F,"Commonwealth Bank of Australia, H1 2020 Earnings Call, Feb 12, 2020.pdf",Commonwealth Bank of Australia,202002,1.0472,1.391,3.356,0.6484,1.6545,2166,1.2998,0.5042,1.1477,0.4459,0.4287,2166
128.F,"Commonwealth Bank of Australia, H1 2021 Earnings Call, Feb 10, 2021.pdf",Commonwealth Bank of Australia,202102,1.1685,1.2336,2.1979,1.248,1.8279,1918,1.192,0.349,0.7433,0.2419,0.1371,1918
129.F,"Commonwealth Bank of Australia, Q1 2012 Sales Trading Statement Call, Nov 15, 2011.pdf",Commonwealth Bank of Australia,201111,0.6068,1.6001,2.9665,1.9598,0.8488,1293,1.4435,0.0956,0.9137,0.7755,0,1293
130.F,"Commonwealth Bank of Australia, Q3 2011 Sales Trading Statement Call, May 11, 2011.pdf",Commonwealth Bank of Australia,201105,0.1489,1.4213,1.6958,1.5704,3.4117,2007,0.0664,0.1246,1.7331,0.0679,0.4003,2007
131.F,"Commonwealth Bank of Australia, Q3 2012 Sales Trading Statement Call, May 17, 2012.pdf",Commonwealth Bank of Australia,201205,0.6442,1.9771,1.9378,0.6575,2.0249,2603,0.6247,0.6563,0.1998,0.1163,0.6181,2603
132.F,"Commonwealth Bank of Australia, Q3 2019 Sales Trading Statement Call, May 13, 2019.pdf",Commonwealth Bank of Australia,201905,0.6568,0.2363,2.6845,1.1332,1.4532,1669,0.2862,0.7943,0.7161,0.4282,0.7777,1669
133.F,"Commonwealth Bank of Australia, Q3 2020 Sales Trading Statement Call, May 13, 2020.pdf",Commonwealth Bank of Australia,202005,0.617,3.5759,1.4552,0.2849,3.503,2023,0.6945,0.2225,0.9278,0.9565,1.3843,2023
134.F,"Contact Energy Ltd., H1 2011 Earnings Call, Feb 22, 2011.pdf",Contact Energy Ltd,201102,1.7743,2.4517,9.3791,1.5765,0.701,2297,1.0157,0.508,0.9141,0.5011,0.634,2297
135.F,"Contact Energy Ltd., H1 2012 Pre Recorded Earnings Call, Feb 21, 2012.pdf",Contact Energy Ltd,201202,2.6389,1.173,3.0147,4.9936,1.6524,1027,0.4853,1.6903,1.2747,0.0337,2.861,1027
136.F,"Fisher  Paykel Healthcare Corporation Limited, 2011 Earnings Call, May 25, 2011.pdf",Fisher Paykel Healthcare Corporation Limited,201105,0.1517,0.4033,1.5629,0,2.3597,832,1.1752,0,0.1837,0.1127,0.1253,832
137.F,"Fisher  Paykel Healthcare Corporation Limited, 2012 Earnings Call, May 25, 2012.pdf",Fisher Paykel Healthcare Corporation Limited,201205,1.0768,1.6449,4.6265,0.6228,2.6468,1047,1.4176,0.4703,1.539,0.3914,0.3445,1047
138.F,"Fisher  Paykel Healthcare Corporation Limited, 2013 Earnings Call, May 23, 2013.pdf",Fisher Paykel Healthcare Corporation Limited,201305,1.1602,2.2757,3.5868,2.3316,3.248,1087,0.8498,0.3805,0.7978,0.1022,0.0959,1087
139.F,"Fisher  Paykel Healthcare Corporation Limited, 2014 Earnings Call, May 22, 2014.pdf",Fisher Paykel Healthcare Corporation Limited,201405,0.8393,2.06,2.4306,1.3406,4.2545,1118,0.8581,0.2019,0.2631,0.3426,0.169,1118
140.F,"Fisher  Paykel Healthcare Corporation Limited, 2015 Earnings Call, May 29, 2015.pdf",Fisher Paykel Healthcare Corporation Limited,201505,1.5733,4.7495,3.5912,2.6164,1.7459,1942,0.7028,0.3509,1.9234,1.5912,0.3956,1942
141.F,"Fisher  Paykel Healthcare Corporation Limited, H1 2012 Earnings Call, Nov 23, 2011.pdf",Fisher Paykel Healthcare Corporation Limited,201111,0.2008,1.5352,6.326,3.8141,3.1379,1331,0.5211,0.3699,0.3522,0.1637,0,1331
142.F,"Fisher  Paykel Healthcare Corporation Limited, H1 2013 Earnings Call, Nov 22, 2012.pdf",Fisher Paykel Healthcare Corporation Limited,201211,1.6479,1.704,2.3239,5.6719,2.9985,1116,1.6496,0.6618,0.7932,0.6555,0.8274,1116
143.F,"Fisher  Paykel Healthcare Corporation Limited, H1 2014 Earnings Call, Nov 22, 2013.pdf",Fisher Paykel Healthcare Corporation Limited,201311,0.6733,0,0.6683,0.774,4.4716,688,0.267,0,0.1886,0.277,0.333,688
144.F,"Fisher  Paykel Healthcare Corporation Limited, H1 2015 Earnings Call, Nov 19, 2014.pdf",Fisher Paykel Healthcare Corporation Limited,201411,1.6676,2.1638,3.8449,0.1762,2.0748,1030,1.1854,0,1.3212,0.7529,0.8728,1030
145.F,"Fisher  Paykel Healthcare Corporation Limited, H1 2016 Earnings Call, Nov 27, 2015.pdf",Fisher Paykel Healthcare Corporation Limited,201511,1.6689,1.128,3.6541,2.5027,2.7611,1158,0.963,0,1.4713,0.8308,0.1568,1158
146.F,"Fisher  Paykel Healthcare Corporation Limited, Q2 2011 Earnings Call, Nov 24, 2010.pdf",Fisher Paykel Healthcare Corporation Limited,201011,0.1674,0.7902,1.2254,1.9211,2.5516,754,0.527,0.2376,1.3992,0,0,754
147.F,Fletcher Building Ltd. - ShareholderAnalyst Call.pdf,Fletcher Building Ltd,201511,1.7989,12.839,2.1752,4.7743,2.3381,3745,1.6266,4.198,1.1896,3.6452,2.5305,3745
148.F,"Fletcher Building Ltd., 2011 Earnings Call, Aug 17, 2011.pdf",Fletcher Building Ltd,201108,0.4478,1.0054,1.6229,1.7541,2.8984,1915,0.8448,0.9317,0.3886,0.1513,0.4413,1915
149.F,"Fletcher Building Ltd., 2012 Earnings Call, Aug 22, 2012.pdf",Fletcher Building Ltd,201208,0.7538,2.0743,2.2334,1.5067,3.8624,2417,1.0733,2.6249,0.7148,0.8772,1.1071,2417
150.F,"Fletcher Building Ltd., 2013 Earnings Call, Aug 21, 2013.pdf",Fletcher Building Ltd,201308,1.4985,1.9087,0.9688,2.3082,2.0049,2024,1.4249,0.4742,1.1329,1.2171,0.3977,2024
151.F,"Fletcher Building Ltd., 2014 Earnings Call, Aug 20, 2014.pdf",Fletcher Building Ltd,201408,0.8539,1.6322,2.4032,1.9332,2.6784,3877,1.1783,0.5548,0.5297,0.2575,0.1972,3877
152.F,"Fletcher Building Ltd., 2015 Earnings Call, Aug 19, 2015.pdf",Fletcher Building Ltd,201508,1.0682,2.5296,1.8915,1.2469,2.1333,3480,0.7055,1.078,0.7162,0.9883,0.7061,3480
153.F,"Fletcher Building Ltd., H1 2011 Earnings Call, Feb 16, 2011.pdf",Fletcher Building Ltd,201102,1.7153,1.6058,1.5379,1.1944,2.3212,1993,1.4015,0.4171,0.9075,0.0087,0.4045,1993
154.F,"Fletcher Building Ltd., H1 2012 Earnings Call, Feb 22, 2012.pdf",Fletcher Building Ltd,201202,0.2221,1.7841,1.3864,1.9832,4.2516,1652,0.2005,0.2942,0.4311,0.213,0,1652
155.F,"Fletcher Building Ltd., H1 2013 Earnings Call, Feb 20, 2013.pdf",Fletcher Building Ltd,201302,1.6519,1.3451,2.9912,1.3334,2.7092,2472,0.5112,0.9488,0.9692,0.6777,0,2472
156.F,"Fletcher Building Ltd., H1 2014 Earnings Call, Feb 20, 2014.pdf",Fletcher Building Ltd,201402,0.7974,1.6067,2.3912,2.6421,2.1687,2580,1.247,1.0182,0.8343,1.6455,0.315,2580
157.F,"Fletcher Building Ltd., H1 2015 Earnings Call, Feb 18, 2015.pdf",Fletcher Building Ltd,201502,1.9715,1.8927,3.7529,1.8014,2.5649,3583,2.0636,0.587,1.0198,1.2074,0.8855,3583
158.F,"Goodman Property Trust, 2011 Earnings Call, May 18, 2011.pdf",Goodman Property Trust,201105,0,1.6862,2.0422,0.8431,0,412,0,0.2999,0,0,0,412
159.F,"Goodman Property Trust, Q2 2012 Earnings Call, Nov 09, 2011.pdf",Goodman Property Trust,201111,0.4078,0.311,0.9029,1.4825,2.1365,497,0.6979,0,0.2411,0.0696,0,497
160.F,Infratil Limited - AnalystInvestor Day.pdf,Infratil Limited,201303,1.5272,5.379,4.7889,2.146,2.3885,600,1.5128,1.3213,2.0439,4.7018,3.4212,600
161.F,"Infratil Limited, 2013 Earnings Call, May 14, 2013.pdf",Infratil Limited,201305,1.4506,2.2772,2.5923,1.1158,2.0118,1020,0.9446,0.7935,0.7615,0.3008,1.572,1020
162.F,"Infratil Limited, 2014 Earnings Call, May 13, 2014.pdf",Infratil Limited,201405,3.3655,4.6377,6.0051,0.5032,0,646,1.8301,0.6538,1.0385,0.5712,3.0273,646
163.F,"Infratil Limited, 2015 Earnings Call, May 19, 2015.pdf",Infratil Limited,201505,1.3317,2.9632,5.1557,2.9822,0,497,1.0704,1.8909,1.9618,1.7594,3.4211,497
164.F,"Infratil Limited, H1 2013 Earnings Call, Nov 13, 2012.pdf",Infratil Limited,201211,1.7279,1.431,4.8691,1.9334,1.7242,1133,1.0253,0.7609,1.783,0.0153,1.0943,1133
165.F,"Infratil Limited, H1 2014 Earnings Call, Nov 12, 2013.pdf",Infratil Limited,201311,1.2699,4.7275,3.2914,2.7117,4.8175,404,0.786,0,0.4348,0.2396,1.1702,404
166.F,"Infratil Limited, H1 2015 Earnings Call, Nov 11, 2014.pdf",Infratil Limited,201411,2.2822,2.9863,2.4628,1.1174,0.8708,1299,0.6633,0.5859,0.6074,1.0884,0.5482,1299
167.F,"Infratil Limited, H1 2016 Earnings Call, Nov 11, 2015.pdf",Infratil Limited,201511,3.1731,4.3415,3.5257,3.9305,0,978,1.4221,1.1497,0.351,0.0177,0.8277,978
168.F,Infratil Ltd. - AnalystInvestor Day.pdf,Infratil Limited,201203,2.7211,4.1655,4.4542,3.1115,1.5478,486,2.7844,3.2115,0.3078,2.9754,0.7739,486
169.F,"Infratil Ltd., 2011 Earnings Call, May 17, 2011.pdf",Infratil Limited,201105,3.1995,1.9877,2.6232,0.9906,2.3798,1101,0.61,0.833,0.2154,0.2749,1.06,1101
170.F,"Infratil Ltd., 2012 Earnings Call, May 15, 2012.pdf",Infratil Limited,201205,3.0912,3.033,3.2833,4.1759,3.2414,1129,1.3066,1.5399,1.2382,0.6183,2.1152,1129
171.F,"Infratil Ltd., H1 2012 Earnings Call, Nov 15, 2011.pdf",Infratil Limited,201111,0.7851,1.0062,3.4602,0.6552,0.4279,879,0.3801,0.2241,0.9732,0.4365,1.035,879
172.F,"Infratil Ltd., Q2 2011 Earnings Call, Nov 16, 2010.pdf",Infratil Limited,201011,2.0325,3.736,3.8187,2.5027,1.0243,1159,1.3554,0.4909,2.2124,1.3525,1.379,1159
173.F,"Kiwi Income Property Trust, 2011 Earnings Call, May 18, 2011.pdf",Kiwi Income Property Trust,201105,1.1102,5.9846,1.15,2.2507,2.4371,1071,1.4456,0.6779,0.5837,1.5584,0,1071
174.F,"Kiwi Income Property Trust, H1 2012 Earnings Call, Nov 16, 2011.pdf",Kiwi Income Property Trust,201111,0.4967,4.8223,0.8371,1.6515,2.9185,762,0.7494,0.688,1.1366,0.4026,1.7732,762
175.F,National Australia Bank Limited - ShareholderAnalyst Call.pdf,National Australia Bank Limited,201712,1.1208,12.6231,1.9589,4.56,2.733,947,4.127,2.6456,1.3227,5.6833,1.8342,947
176.F,"National Australia Bank Limited Presents at DbVIC - Deutsche Bank American Depositary Receipt (ADR) Virtual Investor Conference, Jun-10-2016 1100 AM.pdf",National Australia Bank Limited,201606,0.9193,1.6771,3.5107,0.926,2.3336,1094,3.2175,1.2144,0.4286,1.4745,0.6056,1094
177.F,"National Australia Bank Limited Presents at Deutsche Bank Depositary Receipts Virtual Investor Conference, Mar-26-2015 0230 PM.pdf",National Australia Bank Limited,201503,2.7864,2.2765,5.3127,1.0398,3.7207,1322,1.9163,0.5077,1.5889,1.1062,0.2416,1322
178.F,"National Australia Bank Limited, 2010 Earnings Call, Oct 26, 2010.pdf",National Australia Bank Limited,201010,1.6035,1.1887,5.7362,1.382,1.8441,1833,1.32,0.1364,0.5014,1.6951,0.1674,1833
179.F,"National Australia Bank Limited, 2011 Earnings Call, Oct 27, 2011.pdf",National Australia Bank Limited,201110,3.2221,3.7883,2.6307,1.3912,2.6547,1954,1.612,0.2142,1.8215,1.4452,0.6603,1954
180.F,"National Australia Bank Limited, 2012 Earnings Call, Oct 31, 2012.pdf",National Australia Bank Limited,201210,1.5062,2.1678,1.1938,0.5022,2.2502,2247,0.9492,1.0938,0.5991,0.1165,0.2482,2247
181.F,"National Australia Bank Limited, 2013 Earnings Call, Oct 31, 2013.pdf",National Australia Bank Limited,201310,0.9439,2.1772,2.5358,0.1356,0.9606,2326,0.7081,0.7177,1.0107,0.2482,0.5427,2326
182.F,"National Australia Bank Limited, 2014 Earnings Call, Oct 30, 2014.pdf",National Australia Bank Limited,201410,2.4111,3.5585,2.2162,1.0961,1.1094,3387,1.6479,1.7696,1.4604,0.8857,0.8991,3387
183.F,"National Australia Bank Limited, 2015 Earnings Call, Oct 28, 2015.pdf",National Australia Bank Limited,201510,1.6185,2.7446,3.0612,1.4061,1.9764,2216,1.1411,0.3092,0.9009,1.0606,1.0824,2216
184.F,"National Australia Bank Limited, 2016 Earnings Call, Oct 27, 2016.pdf",National Australia Bank Limited,201610,1.7263,1.1489,2.4867,0.6587,1.5838,2470,2.4411,0.6494,1.3055,0.3141,0.9288,2470
185.F,"National Australia Bank Limited, 2017 Earnings Call, Nov 02, 2017.pdf",National Australia Bank Limited,201711,2.986,1.4427,2.12,0.7031,2.4064,3307,2.5691,0.6973,0.649,0.8553,0.0854,3307
186.F,"National Australia Bank Limited, 2018 Earnings Call, Nov 01, 2018.pdf",National Australia Bank Limited,201810,1.9775,2.7632,4.7945,1.2059,1.8313,3409,2.2597,1.0196,1.451,0.7329,0.2193,3409
187.F,"National Australia Bank Limited, 2019 Earnings Call, Nov 07, 2019.pdf",National Australia Bank Limited,201911,0.9822,3.1132,2.2604,1.5826,2.1535,2673,1.0264,0.8174,0.4795,0.5566,0.8926,2673
188.F,"National Australia Bank Limited, 2020 Earnings Call, Nov 05, 2020.pdf",National Australia Bank Limited,202011,1.8746,2.0167,3.4718,1.1808,2.5303,4230,1.7606,0.5502,0.8469,0.8622,0.2957,4230
189.F,"National Australia Bank Limited, H1 2011 Earnings Call, May 05, 2011.pdf",National Australia Bank Limited,201105,0.3426,1.5906,2.1183,1.1749,2.2078,1988,0.2577,0.2584,0.3197,1.34,0.1901,1988
190.F,"National Australia Bank Limited, H1 2012 Earnings Call, May 10, 2012.pdf",National Australia Bank Limited,201205,2.0471,3.7735,3.2765,1.9144,2.0068,1985,1.4463,0.7722,1.0076,0.1987,0.1691,1985
191.F,"National Australia Bank Limited, H1 2013 Earnings Call, May 09, 2013.pdf",National Australia Bank Limited,201305,0.3206,1.1617,2.7351,0.2828,2.2062,2151,0.5133,0.2481,0.3646,0.4584,0.2374,2151
192.F,"National Australia Bank Limited, H1 2014 Earnings Call, May 08, 2014.pdf",National Australia Bank Limited,201405,0.6818,2.9342,3.651,0.6352,1.8266,2579,1.1509,1.1987,0.8137,0.8884,1.0096,2579
193.F,"National Australia Bank Limited, H1 2015 Earnings Call, May 07, 2015.pdf",National Australia Bank Limited,201505,2.4472,2.7235,3.9587,1.1981,0.9496,2600,1.7669,0.705,1.355,2.213,0.429,2600
194.F,"National Australia Bank Limited, H1 2016 Earnings Call, May 05, 2016.pdf",National Australia Bank Limited,201605,1.5621,1.3405,1.3375,0.675,1.5342,2874,1.2131,0.7992,0.9462,0.8936,0.5637,2874
195.F,"National Australia Bank Limited, H1 2017 Earnings Call, May 04, 2017.pdf",National Australia Bank Limited,201705,1.999,0.7303,4.0535,1.0495,1.9965,3584,1.2792,0.4268,2.2563,1.7364,0.0817,3584
196.F,"National Australia Bank Limited, H1 2018 Earnings Call, May 03, 2018.pdf",National Australia Bank Limited,201805,2.799,2.4629,2.9996,0.8366,1.6774,2430,1.5996,0.8181,1.2942,1.6865,0.6163,2430
197.F,"National Australia Bank Limited, H1 2019 Earnings Call, May 02, 2019.pdf",National Australia Bank Limited,201905,2.8365,2.4449,3.4187,1.4356,3.7196,2553,2.1239,1.693,1.2476,2.0165,1.1841,2553
198.F,"National Australia Bank Limited, H1 2020 Earnings Call, Apr 27, 2020.pdf",National Australia Bank Limited,202004,0.496,1.4709,1.8304,1.379,1.6262,3133,0.3943,0.4122,0.3599,0.6924,0.4125,3133
199.F,"National Australia Bank Limited, H1 2021 Earnings Call, May 06, 2021.pdf",National Australia Bank Limited,202105,1.4974,1.574,2.8724,1.739,2.1242,2801,0.7086,1.2169,1.4662,0.9244,0.2667,2801
200.F,"National Australia Bank Limited, Q1 2011 Sales Trading Statement Call, Feb 08, 2011.pdf",National Australia Bank Limited,201102,0.9468,0.6435,3.1189,1.2868,2.1006,1560,0.6718,0,0.5427,0.4635,0.0735,1560
201.F,"National Australia Bank Limited, Q1 2012 Sales Trading Statement Call, Feb 07, 2012.pdf",National Australia Bank Limited,201202,0.1155,1.6519,0.9553,0.9436,2.3541,1571,0.3247,0.915,0.2962,0.011,0,1571
202.F,"National Australia Bank Limited, Q2 2010 Earnings Call, May-06-2010.pdf",National Australia Bank Limited,201005,1.865,2.7554,3.1877,0.6584,1.6139,2218,1.3766,0.2393,0.9378,0.8203,1.0409,2218
203.F,"National Australia Bank Limited, Q3 2011 Sales Trading Statement Call, Aug 09, 2011.pdf",National Australia Bank Limited,201108,0.5338,1.8495,2.3812,0.5079,3.2558,1840,0.2818,0.7858,0.3595,0.3901,0.4365,1840
204.F,"National Australia Bank Limited, Q3 2012 Sales Trading Statement Call, Aug 14, 2012.pdf",National Australia Bank Limited,201208,0.9824,1.0027,1.2816,1.0062,2.0393,1869,0.7076,0.8384,0.8278,1.0363,0.2883,1869
205.F,"National Australia Bank Limited, Q3 2020 Sales Trading Statement Call, Aug 14, 2020.pdf",National Australia Bank Limited,202008,1.2149,1.4796,2.2382,1.6394,2.7279,2608,0.8562,0.1605,1.1105,0.4106,0.6434,2608
206.F,Spark New Zealand Limited - ShareholderAnalyst Call.pdf,Spark New Zealand Limited,201511,2.9896,5.6897,4.6302,8.6459,0.4077,823,1.2373,0.6633,1.7332,5.3286,2.2585,823
207.F,"Spark New Zealand Limited, 2015 Earnings Call, Aug 21, 2015.pdf",Spark New Zealand Limited,201508,2.9704,0.8466,6.0812,1.1757,0.9603,1919,1.115,0.2264,0.909,0.0669,0.3137,1919
208.F,"Spark New Zealand Limited, H1 2015 Earnings Call, Feb 19, 2015.pdf",Spark New Zealand Limited,201502,1.6765,0.489,5.2045,1.4085,1.9466,1232,2.6365,0,0.4761,0.3697,1.3307,1232
209.F,"Telecom Corp. of New Zealand Ltd., 2011 Earnings Call, Aug 19, 2011.pdf",Telecom Corp of New Zealand Ltd,201108,2.8626,3.6153,3.9389,0.9977,2.9438,1965,1.864,1.8786,1.4202,0.3077,0.646,1965
210.F,"Telecom Corp. of New Zealand Ltd., H1 2011 Earnings Call, Feb 11, 2011.pdf",Telecom Corp of New Zealand Ltd,201102,1.3553,2.3057,4.2328,1.5974,1.3883,2285,1.0192,0.5484,1.4893,0.9428,0.7093,2285
211.F,"Telecom Corp. of New Zealand Ltd., H1 2012 Earnings Call, Feb 24, 2012.pdf",Telecom Corp of New Zealand Ltd,201202,1.0052,2.0636,1.3376,1.483,2.0844,2120,0.587,0.112,0.8086,0.2831,0,2120
212.F,Telecom Corporation of New Zealand Limited - ShareholderAnalyst Call.pdf,Telecom Corp of New Zealand Ltd,201311,1.3993,8.7967,4.5024,3.5764,1.6484,1450,1.7654,2.5093,2.2153,4.243,2.3582,1450
213.F,"Telecom Corporation of New Zealand Limited, 2012 Earnings Call, Aug 24, 2012.pdf",Telecom Corp of New Zealand Ltd,201208,2.7789,1.9889,6.7181,2.2874,2.2791,2655,2.1726,0.2906,1.8323,0.4243,0.6134,2655
214.F,"Telecom Corporation of New Zealand Limited, 2013 Earnings Call, Aug 23, 2013.pdf",Telecom Corp of New Zealand Ltd,201308,3.7792,1.6598,6.0054,1.5172,3.4248,2256,2.3517,0.3153,1.1508,0.2907,1.0462,2256
215.F,"Telecom Corporation of New Zealand Limited, 2014 Earnings Call, Aug 22, 2014.pdf",Telecom Corp of New Zealand Ltd,201408,5.0526,1.2817,6.3385,3.3175,2.082,2452,2.2651,0.1534,2.2457,0.2431,0.2072,2452
216.F,"Telecom Corporation of New Zealand Limited, H1 2013 Earnings Call, Feb 22, 2013.pdf",Telecom Corp of New Zealand Ltd,201302,1.2595,1.8647,3.2272,1.0921,2.8438,1821,0.9349,0.6291,0.4763,0.7719,0.2314,1821
217.F,"Telecom Corporation of New Zealand Limited, H1 2014 Earnings Call, Feb 21, 2014.pdf",Telecom Corp of New Zealand Ltd,201402,1.975,3.4278,5.3916,1.8922,2.0362,3611,2.5522,0.5374,1.0509,0.3506,0.4735,3611
218.F,Vector Limited - ShareholderAnalyst Call.pdf,Vector Limited,201512,3.3327,3.5527,3.479,7.0472,0.8958,885,1.7982,1.373,0.6259,0.5268,0.8463,885
219.F,"Vector Limited, 2012 Earnings Call, Aug 23, 2012.pdf",Vector Limited,201208,0.3974,0.3655,2.2471,0.9127,4.8985,913,0.7421,0.1962,0.1803,0.2087,0.3588,913
220.F,"Vector Limited, 2013 Earnings Call, Aug 22, 2013.pdf",Vector Limited,201308,3.1147,2.0065,6.1769,2.5089,3.3988,1713,3.1442,0.828,1.5903,0.0767,2.1143,1713
221.F,"Vector Limited, 2014 Earnings Call, Aug 22, 2014.pdf",Vector Limited,201408,2.0245,1.4838,9.4002,0,1.9119,750,2.2583,2.1109,1.8452,0.0461,3.0325,750
222.F,"Vector Limited, 2015 Earnings Call, Aug 28, 2015.pdf",Vector Limited,201508,3.7888,2.1168,14.8786,3.04,1.6807,2313,2.0956,0.7051,1.4888,0.1485,0.8567,2313
223.F,"Vector Limited, H1 2013 Earnings Call, Feb 21, 2013.pdf",Vector Limited,201302,1.6715,5.0363,6.2684,3.8271,3.9536,976,2.5992,0.4851,1.7043,0.0931,3.5435,976
224.F,"Vector Limited, H1 2014 Earnings Call, Feb 21, 2014.pdf",Vector Limited,201402,2.7064,4.4146,3.1957,1.5375,2.4413,1240,2.9348,1.0787,1.3034,0.3731,1.3163,1240
225.F,"Vector Limited, H1 2015 Earnings Call, Feb 20, 2015.pdf",Vector Limited,201502,3.8608,3.2423,9.4606,1.6332,1.4594,1249,2.7548,1.8011,1.9857,0.5314,1.309,1249
226.F,"Vector Ltd., 2010 Earnings Call, Aug-27-2010.pdf",Vector Limited,201008,1.2046,2.0674,3.1742,1.0853,1.5118,1319,0.7504,1.2421,1.4482,0.3421,1.2734,1319
227.F,"Vector Ltd., 2011 Earnings Call, Aug 26, 2011.pdf",Vector Limited,201108,3.4332,1.649,1.7841,1.1881,3.7822,1254,1.1063,0,1.1398,0.5692,0.2911,1254
228.F,"Vector Ltd., H1 2011 Earnings Call, Feb 25, 2011.pdf",Vector Limited,201102,1.5952,0.7406,1.6713,0.8154,3.1501,852,0.1282,0.49,0.7232,0,0.1223,852
229.F,"Vector Ltd., H1 2012 Earnings Call, Feb 23, 2012.pdf",Vector Limited,201202,1.9668,1.7859,6.2688,0.7588,6.3292,587,0.8958,0.2105,2.3019,0,2.1679,587
230.F,Westpac Banking Corporation - ShareholderAnalyst Call.pdf,Westpac Banking Corporation,201312,1.1136,9.1403,2.7201,5.1327,1.3004,5268,1.1224,2.1921,1.1538,5.8612,1.4639,5268
231.F,Westpac Banking Corporation - Special Call.pdf,Westpac Banking Corporation,201509,2.245,2.3639,4.4791,2.5466,3.2155,2017,4.0332,0.4867,1.495,1.0391,0.6412,2017
232.F,"Westpac Banking Corporation, 2010 Earnings Call, Nov 03, 2010.pdf",Westpac Banking Corporation,201011,2.051,1.6376,3.8816,0.5117,1.1226,2639,0.9225,0.7584,0.7046,0.7971,1.3374,2639
233.F,"Westpac Banking Corporation, 2011 Earnings Call, Nov 02, 2011.pdf",Westpac Banking Corporation,201111,1.7691,2.9532,3.9663,2.8215,1.2978,2378,1.3613,0.4872,1.8067,1.2085,0.8546,2378
234.F,"Westpac Banking Corporation, 2012 Earnings Call, Nov 05, 2012.pdf",Westpac Banking Corporation,201211,1.4222,0.7567,2.2762,0.7915,1.06,1687,1.139,0.7225,0.6629,0.5958,0.1119,1687
235.F,"Westpac Banking Corporation, 2013 Earnings Call, Nov 04, 2013.pdf",Westpac Banking Corporation,201311,1.9588,0.6334,2.776,1.0462,1.8198,2677,1.1599,0.7444,0.6959,0.6485,0.168,2677
236.F,"Westpac Banking Corporation, 2014 Earnings Call, Nov 03, 2014.pdf",Westpac Banking Corporation,201411,1.42,0.2639,3.6886,1.1183,1.6231,1316,2.8543,0.2271,1.7495,0.4532,0.2676,1316
237.F,"Westpac Banking Corporation, 2015 Earnings Call, Nov 02, 2015.pdf",Westpac Banking Corporation,201511,1.2382,1.7637,3.5868,1.3445,1.8072,1941,0.7575,0.4443,1.3417,0.6099,1.0556,1941
238.F,"Westpac Banking Corporation, 2016 Earnings Call, Nov 07, 2016.pdf",Westpac Banking Corporation,201611,0.6848,1.069,3.1846,0.7378,1.5305,1515,1.4659,0.2281,0.5864,0.1581,0.3782,1515
239.F,"Westpac Banking Corporation, 2017 Earnings Call, Nov 06, 2017.pdf",Westpac Banking Corporation,201711,1.1891,0.4421,1.2,0.6931,1.3523,1388,0.8716,0.3469,0.264,0.2299,0.155,1388
240.F,"Westpac Banking Corporation, 2018 Earnings Call, Nov 05, 2018.pdf",Westpac Banking Corporation,201811,1.2115,2.4274,3.7837,1.4121,2.3169,1759,1.9932,0.8689,0.5515,0.7299,1.0616,1759
241.F,"Westpac Banking Corporation, 2019 Earnings Call, Nov 04, 2019.pdf",Westpac Banking Corporation,201911,1.6866,1.0257,2.2459,1.1242,1.5606,1792,1.2712,0.7308,0.2804,0.0193,0.5065,1792
242.F,"Westpac Banking Corporation, 2020 Earnings Call, Nov 02, 2020.pdf",Westpac Banking Corporation,202011,1.2779,1.9095,2.2306,1.6207,1.4738,3467,1.0557,1.1954,0.7121,0.6908,1.0362,3467
243.F,"Westpac Banking Corporation, H1 2011 Earnings Call, May 04, 2011.pdf",Westpac Banking Corporation,201105,0.6616,1.3971,1.913,0.5034,1.307,2439,0.6922,0.4154,0.4819,0.6457,0.3584,2439
244.F,"Westpac Banking Corporation, H1 2012 Earnings Call, May 03, 2012.pdf",Westpac Banking Corporation,201205,1.6565,2.3355,3.7091,1.8073,3.5453,2920,1.5144,0.4818,0.6912,1.0179,0.3828,2920
245.F,"Westpac Banking Corporation, H1 2013 Earnings Call, May 03, 2013.pdf",Westpac Banking Corporation,201305,0.1621,1.0158,2.5666,0.264,2.1019,1578,0.5088,0.1479,0.9059,0.0974,0.2742,1578
246.F,"Westpac Banking Corporation, H1 2014 Earnings Call, May 05, 2014.pdf",Westpac Banking Corporation,201405,2.027,1.2444,2.3616,0.91,1.7698,1794,1.1131,0.1163,0.4913,0.4629,0.0904,1794
247.F,"Westpac Banking Corporation, H1 2015 Earnings Call, May 04, 2015.pdf",Westpac Banking Corporation,201505,1.4175,3.2449,2.8821,0.7803,1.7222,1834,1.6957,1.3634,0.4687,1.4058,0.354,1834
248.F,"Westpac Banking Corporation, H1 2016 Earnings Call, May 02, 2016.pdf",Westpac Banking Corporation,201605,0.0489,1.8334,2.6286,0.8309,1.4036,1820,0.2772,0.5254,0.4997,0.9226,0.3722,1820
249.F,"Westpac Banking Corporation, H1 2017 Earnings Call, May 08, 2017.pdf",Westpac Banking Corporation,201705,0.2049,0.5194,2.3016,0.408,0.8984,1695,0.2301,0.5637,0.6561,0.1917,0.2985,1695
250.F,"Westpac Banking Corporation, H1 2018 Earnings Call, May 07, 2018.pdf",Westpac Banking Corporation,201805,1.6088,3.2577,1.3081,2.3901,1.8362,1446,1.2146,0.9998,0.519,0.9412,0.6963,1446
251.F,"Westpac Banking Corporation, H1 2019 Earnings Call, May 06, 2019.pdf",Westpac Banking Corporation,201905,0.8801,0.2283,1.3272,0.8287,0.5784,1344,0.4359,0,0.4672,0.2418,0.2844,1344
252.F,"Westpac Banking Corporation, H1 2020 Earnings Call, May 04, 2020.pdf",Westpac Banking Corporation,202005,0.8309,0.6269,2.136,0.7578,2.096,2997,0.442,1.0791,0.8084,0.8265,0.668,2997
253.F,"Westpac Banking Corporation, H1 2021 Earnings Call, May 03, 2021.pdf",Westpac Banking Corporation,202105,2.3948,2.3762,4.4727,2.045,1.523,3166,1.9434,0.5143,1.3534,1.7148,0.2519,3166
254.F,"Westpac Banking Corporation, Q1 2011 Earnings Call, Feb 15, 2011.pdf",Westpac Banking Corporation,201102,2.3515,1.8124,2.4753,1.69,2.3767,2933,1.2171,0.3098,1.5513,0.2659,0.6162,2933
255.F,"Westpac Banking Corporation, Q1 2012 Earnings Call, Feb 16, 2012.pdf",Westpac Banking Corporation,201202,2.5168,1.5735,3.4346,1.6151,2.6801,2520,1.2426,0.2438,0.956,1.1528,0.9689,2520
256.F,"Westpac Banking Corporation, Q1 2021 Earnings Call, Feb 17, 2021.pdf",Westpac Banking Corporation,202102,0.9853,0.8863,3.4074,1.1683,0.3816,1931,0.5087,0.2525,0.1718,0.2616,0.2981,1931
257.F,"Westpac Banking Corporation, Q3 2011 Earnings Call, Aug 16, 2011.pdf",Westpac Banking Corporation,201108,1.4156,2.0131,3.2089,0.7899,0.9732,2301,0.917,0.3329,0.605,0.7182,1.0186,2301
258.F,"Westpac Banking Corporation, Q3 2020 Earnings Call, Aug 17, 2020.pdf",Westpac Banking Corporation,202008,0.7081,0.3745,1.8133,1.4488,1.2785,2831,0.4701,0.5871,0.5098,0.3368,0.5326,2831